PBP_ID,Inventory,Institution,institution_city,institution_country,library_localisation,country_certainty,country,region,city,library_dating,circa,century,min_date,max_date,scribe,script,mss_height,mss_width,combined_size,Ruzzier_group,justification_height,justification_width,volumes,v1_folios,v2_folios,v3_folios,columns,min_lines,max_lines,citation,digitisation,Downloadable,Link,IIIF manifest
1,MsWettF 11,"Aarau, Aargau Cantonal Library",Aarau,Switzerland,,,,,,Third quarter of the 13th century,,13,,,,,315,225,540,2,,,1,417,,,2,,46-47,,Y,,https://www.e-codices.unifr.ch/fr/kba/WettF0011/,https://www.e-codices.unifr.ch/fr/description/kba/WettF0011/
2,MsWettF 1,"Aarau, Aargau Cantonal Library",Aarau,Switzerland,Zurich?,,Switzerland,,Zurich,1260-1280,,13,1260,1280,,,400,300,700,3,,,1,334,,,,,,,Y,,https://www.e-codices.ch/en/list/one/kba/WettF0001,
3,MsWettF 2,"Aarau, Aargau Cantonal Library",Aarau,Switzerland,Zurich?,,Switzerland,,Zurich,1260-1280,,13,1260,1280,,,400,300,700,3,,,2,276,,,,,,,Y,,https://www.e-codices.ch/en/list/one/kba/WettF0002,
4,Ms. L 84,"Fribourg, Bibliothèque cantonale et universitaire",Fribourg,Switzerland,Bern?,,Switzerland,,Bern,first half 13,,13,1200,1250,,,350,260,610,3,,,1,132,,,,,,,Y,,https://www.e-codices.ch/en/list/one/bcuf/L0084,
5,VadSlg ms 332,"St Gallen, Kantonsbibliothek",St Gallen,Switzerland,N France?,,France,,,Third quarter of the 13th century,,13,1250,1274,,,215,150,365,1,,,1,453,,,,,,,Y,,https://www.e-codices.unifr.ch/en/list/one/vad/0332,https://www.e-codices.unifr.ch/metadata/iiif/vad-0332/manifest.json
6,Min. 6,"Schaffhausen, Stadtbibliothek, Ministerialbibliothek, Min. 6",Schaffhausen,Switzerland,SW Germany,,Germany,,,first quarter 14th c,,14,,,,,340,255,595,3,,,1,399,,,,,,,Y,,https://www.e-codices.ch/en/sbs/min0006,
7,U964,Bibliothèque cantonale et universitaire,Lausanne,Switzerland,Franco-Flemish region,,,,,end 13,,13,,,,,330,245,575,3,,,1,522,,,,,,,Y,Y,https://www.e-codices.ch/en/list/one/bcul/U0964,
8,0008 (0005),"Angers, Bibliothèque municipale",Angers,France,France,Y,France,,,13e s. (premier quart ?),,13,,,,,222,158,380,1,,,1,413,,,2,,,,Y,,https://bvmm.irht.cnrs.fr/mirador/index.php?manifest=https://bvmm.irht.cnrs.fr/iiif/9018/manifest,
9,0009 (0006),"Angers, Bibliothèque municipale",Angers,France,England,Y,,,,13e s. (deuxième quart),,13,,,,,227,155,382,2,,,1,270,,,2,,,,Y,,http://initiale.irht.cnrs.fr/codex/5319,
10,0010 (0007),"Angers, Bibliothèque municipale",Angers,France,France,Y,France,,,13e s. (milieu ?),,13,,,,,242,150,392,2,,,1,607,,,2,,,,Y,,http://initiale.irht.cnrs.fr/codex/5320,
11,0011 (0008),"Angers, Bibliothèque municipale",Angers,France,France du nord (Paris ?),Y,France,Ile-de-France,,13e s. (milieu-troisième quart),,13,,,,,143,91,234,1,,,1,520,,,2,,,,Y,,http://initiale.irht.cnrs.fr/codex/5321,
12,0012 (0009),"Angers, Bibliothèque municipale",Angers,France,France du nord (Paris ?),Y,France,,,vers 1240-1250 ?,,13,1240,1250,,,131,88,219,1,,,1,443,,,2,,,,Y,,http://initiale.irht.cnrs.fr/codex/5322,
13,CLM 10007,Bayerische Staatsbibliothek,Munich,Germany,Northern France,Y,France,,,mid 13,,13,,,,,,,0,,,,,,,,2,,,,Y,,https://daten.digitale-sammlungen.de/0011/bsb00112095/images/index.html?id=00112095&groesser=&fip=weayayztssdaseayaxsewqeayaxdsydeaya&no=3&seite=5,
14,CLM 23355,Bayerische Staatsbibliothek,Munich,Germany,France,Y,France,,,13,,13,1220,1230,,,,,0,,,,,,,,2,,,,Y,,https://daten.digitale-sammlungen.de/0011/bsb00113493/images/index.html?id=00113493&groesser=&fip=weayayztssdaseayaxsewqeayaxdsydeaya&no=20&seite=35,
15,CLM 28243,Bayerische Staatsbibliothek,Munich,Germany,France,Y,France,,,1st half 14,,14,,,,,,,0,,,,,,,,2,,,,Y,,https://daten.digitale-sammlungen.de/0010/bsb00105464/images/index.html?id=00105464&groesser=&fip=weayayztssdaseayaxsewqeayaxdsydeaya&no=3&seite=5,
16,CLM 4627,Bayerische Staatsbibliothek,Munich,Germany,France,Y,France,,,2nd half 13,,13,,,,,,,0,,,,,,,,1,,,,Y,,https://daten.digitale-sammlungen.de/0010/bsb00105947/images/index.html?id=00105947&groesser=&fip=weayayztssdaseayaxsewqeayaxdsydeaya&no=4&seite=21,
17,Beinecke 1100,"Beinecke Library, Yale",New Haven,United States of America,?,N,,,,13th c,,13,,,,,190,127,317,1,,,,406,,,,,,,Y,,https://brbl-dl.library.yale.edu/vufind/Search/Results?lookfor=%22Beinecke+MS+1100%22&type=CallNumber,
18,Beinecke 1141,"Beinecke Library, Yale",New Haven,United States of America,,,,,,1200,,13,,,,,259,166,425,2,,,,ff. iii + i + 293 + iii ; 259 x 166 .,,,,,,,Y,,https://brbl-dl.library.yale.edu/vufind/Search/Results?lookfor=%22Beinecke+MS+1141%22&type=CallNumber,
19,Beinecke 387,"Beinecke Library, Yale",New Haven,United States of America,,,,,,,,,,,,,285,185,470,2,198,112,,"ff. ii (paper) + i (contemporary parchment) + 420 (foliation of s. xv, 1-420, on verso, between rulings for running headings) + ii (paper)",,,,,,,Y,,https://brbl-dl.library.yale.edu/vufind/Search/Results?lookfor=%22Beinecke+MS+387%22&type=CallNumber,
20,Beinecke 433,"Beinecke Library, Yale",New Haven,United States of America,,,,,,,,,,,,,,,0,,,,,,,,,,,,P,,https://brbl-dl.library.yale.edu/vufind/Search/Results?lookfor=%22Beinecke+MS+433%22&type=CallNumber,
21,Beinecke 793,"Beinecke Library, Yale",New Haven,United States of America,,,,,,,,,,,,,145,95,240,1,,,,ff. 643: parchment,,,,,,,Y,,https://brbl-dl.library.yale.edu/vufind/Search/Results?lookfor=%22Beinecke+MS+793%22&type=CallNumber,
22,Beinecke 81,"Beinecke Library, Yale",New Haven,United States of America,,,,,,,,,,,,,185,118,303,1,122,78,,ff. i + 265 + i : parchment,,,,,,,Y,,https://brbl-dl.library.yale.edu/vufind/Search/Results?lookfor=%22Beinecke+MS+81%22&type=CallNumber,
23,Beinecke 82,"Beinecke Library, Yale",New Haven,United States of America,France?,N,France,,,1200-1250,,13,1200,1250,,,296,197,493,2,197,139,,ff. i + 164 + i : parchment,,,,,,,Y,,https://brbl-dl.library.yale.edu/vufind/Search/Results?lookfor=%22Beinecke+MS+82%22&type=CallNumber,
24,Takamiya 104,"Beinecke Library, Yale",New Haven,United States of America,,,,,,,,,,,,,212,145,357,1,,,,218 l. : parchment ; 212 x 145 .,,,,,,,Y,,https://brbl-dl.library.yale.edu/vufind/Search/Results?lookfor=%22Takamiya+MS+104%22&type=CallNumber,
25,27/28,"Bern, Burgerbibliothek",Bern,Switzerland,southern France,Y,France,,,2nd half 13,,13,,,,,385,265,650,3,,,2,,,,,,,,Y,,https://www.e-codices.ch/en/list/one/bbb/0027,https://www.e-codices.ch/metadata/iiif/bbb-0027/manifest.json
26,Reg.lat.16,Biblioteca Vaticana,Vatican,Vatican,France?,N,France,,,1276-1300,,13,,,,,,,0,,,,,499,,,2,,,,Y,,,https://digi.vatlib.it/iiif/MSS_Reg.lat.16/manifest.json
27,Reg.lat.3,Biblioteca Vaticana,Vatican,Vatican,France?,N,France,,,1276-1300,,13,,,,,180,120,300,,,,,627,,,2,,,,Y,,,https://digi.vatlib.it/iiif/MSS_Reg.lat.3/manifest.json
28,Ross.314,Biblioteca Vaticana,Vatican,Vatican,Northern? France,Y,France,,,1226-1275,,13,,,,,176,116,292,,,,,534,,,2,,,,Y,,,https://digi.vatlib.it/iiif/MSS_Ross.314/manifest.json
29,Urb.lat.587,Biblioteca Vaticana,Vatican,Vatican,,,,,,1276-1325,,13,,,,,,,0,,,,,509,,,2,,,,Y,,,https://digi.vatlib.it/iiif/MSS_Urb.lat.587/manifest.json
30,Urb.lat.588,Biblioteca Vaticana,Vatican,Vatican,,,,,,1276-1325,,13,,,,,,,0,,,,,332,,,2,,,,Y,,,https://digi.vatlib.it/iiif/MSS_Urb.lat.588/manifest.json
31,Urb.lat.597,Biblioteca Vaticana,Vatican,Vatican,,,,,,14th,,14,,,,,,,0,,,,,574,,,2,,,,Y,,,https://digi.vatlib.it/iiif/MSS_Urb.lat.597/manifest.json
32,Urb.lat.7,Biblioteca Vaticana,Vatican,Vatican,,,,,,14th c,,14,,,,,,,0,,,,,420,,,2,,,,Y,,,https://digi.vatlib.it/iiif/MSS_Urb.lat.7/manifest.json
33,Vat Lat 28,Biblioteca Vaticana,Vatican,Vatican,Italy (?),N,Italy,,,XII-XIV,,12/13/14,,,,,196,134,330,,,,,578,,,,,,Miriello 2004,Y,,https://digi.vatlib.it/iiif/MSS_Vat.lat.28/manifest.json,
34,Vat Lat 47,Biblioteca Vaticana,Vatican,Vatican,Italy (?),N,Italy,,,XII-XIV,,12/13/14,,,,,182,129,311,,,,,413,,,,,,Miriello 2004,Y,,http://www.mss.vatlib.it/gui/console?service=shortDetail&id=204543,
35,Vat.lat.1,Biblioteca Vaticana,Vatican,Vatican,,,,,,1454,,15,,,,,,,0,,,,,,,,,,,,Y,,,https://digi.vatlib.it/iiif/MSS_Vat.lat.1/manifest.json
36,Vat.lat.17,Biblioteca Vaticana,Vatican,Vatican,,,,,,14th,,14,1301,1400,,,,,0,,,,,,,,,,,,Y,,,https://digi.vatlib.it/iiif/MSS_Vat.lat.17/manifest.json
37,Vat.lat.18,Biblioteca Vaticana,Vatican,Vatican,,,,,,14th,,14,1301,1400,,,,,0,,,,,,,,,,,,Y,,,https://digi.vatlib.it/iiif/MSS_Vat.lat.18/manifest.json
38,Vat.lat.19,Biblioteca Vaticana,Vatican,Vatican,,,,,,14th,,14,1301,1400,,,,,0,,,,,,,,,,,,Y,,,https://digi.vatlib.it/iiif/MSS_Vat.lat.19/manifest.json
39,Vat.lat.20,Biblioteca Vaticana,Vatican,Vatican,,,,,,1401-1450,,15,1401,1450,,,434,280,714,,,,,421,,,,,,,Y,,,https://digi.vatlib.it/iiif/MSS_Vat.lat.20/manifest.json
40,Vat.lat.21,Biblioteca Vaticana,Vatican,Vatican,,,,,,1276-1325,,13,1276,1325,,,307,209,516,,,,,450,,,,,,,Y,,,https://digi.vatlib.it/iiif/MSS_Vat.lat.21/manifest.json
41,Vat.lat.22,Biblioteca Vaticana,Vatican,Vatican,,,,,,14th,,14,1301,1400,,,305,216,521,,,,,527,,,,,,,Y,,,https://digi.vatlib.it/iiif/MSS_Vat.lat.22/manifest.json
42,Vat.lat.24,Biblioteca Vaticana,Vatican,Vatican,,,,,,13th,,13,1201,1300,,,234,160,394,,,,,632,,,,,,,Y,,,https://digi.vatlib.it/iiif/MSS_Vat.lat.24/manifest.json
43,Vat.lat.25,Biblioteca Vaticana,Vatican,Vatican,,,,,,13th,,13,1201,1300,,,231,157,388,,,,,450,,,,,,,Y,,,https://digi.vatlib.it/iiif/MSS_Vat.lat.25/manifest.json
44,Vat.lat.26,Biblioteca Vaticana,Vatican,Vatican,,,,,,1375-1400,,14,1375,1400,,,320,219,539,,,,,666,,,,,,,Y,,,https://digi.vatlib.it/iiif/MSS_Vat.lat.26/manifest.json
45,Vat.lat.27,Biblioteca Vaticana,Vatican,Vatican,,,,,,13th c,,13,1201,1300,,,205,138,343,,,,,360,,,,,,,Y,,,https://digi.vatlib.it/iiif/MSS_Vat.lat.27/manifest.json
46,Vat.lat.29,Biblioteca Vaticana,Vatican,Vatican,,,,,,14th,,14,1301,1400,,,178,118,296,,,,,,,,,,,,Y,,,https://digi.vatlib.it/iiif/MSS_Vat.lat.29/manifest.json
47,Vat.lat.30,Biblioteca Vaticana,Vatican,Vatican,,,,,,14th,,14,1301,1400,,,,,0,,,,,,,,,,,,Y,,,https://digi.vatlib.it/iiif/MSS_Vat.lat.30/manifest.json
48,Vat.lat.31,Biblioteca Vaticana,Vatican,Vatican,,,,,,1376-1400,,14,1376,1400,,,239,169,408,,,,,460,,,,,,,Y,,,https://digi.vatlib.it/iiif/MSS_Vat.lat.31/manifest.json
49,Vat.lat.33,Biblioteca Vaticana,Vatican,Vatican,France,Y,France,,,1276-1325,,13,1276,1325,,,225,148,373,,,,,364,,,,,,,Y,,,https://digi.vatlib.it/iiif/MSS_Vat.lat.33/manifest.json
50,Vat.lat.34,Biblioteca Vaticana,Vatican,Vatican,Northern Italy,Y,Italy,,,1376-1425,,14,1375,1425,,,231,170,401,,,,,575,,,,,,,Y,,,https://digi.vatlib.it/iiif/MSS_Vat.lat.34/manifest.json
51,Vat.lat.35,Biblioteca Vaticana,Vatican,Vatican,,,,,,14th,,14,1301,1400,,,237,155,392,,,,,358,,,,,,,Y,,,https://digi.vatlib.it/iiif/MSS_Vat.lat.35/manifest.json
52,Vat.lat.3513,Biblioteca Vaticana,Vatican,Vatican,,,,,,13th,,13,1201,1300,,,,,0,,,,,,,,,,,,Y,,,https://digi.vatlib.it/iiif/MSS_Vat.lat.3513/manifest.json
53,Vat.lat.36,Biblioteca Vaticana,Vatican,Vatican,,,,,,14th,,14,1301,1400,,,,,0,,,,,,,,,,,,Y,,,https://digi.vatlib.it/iiif/MSS_Vat.lat.36/manifest.json
54,Vat.lat.37,Biblioteca Vaticana,Vatican,Vatican,,,,,,14th,,14,1301,1400,,,182,129,311,,,,,413,,,,,,,Y,,,https://digi.vatlib.it/iiif/MSS_Vat.lat.37/manifest.json
55,Vat.lat.48,Biblioteca Vaticana,Vatican,Vatican,,,,,,14th,,14,1301,1400,,,,,0,,,,,324,,,,,,,Y,,,https://digi.vatlib.it/iiif/MSS_Vat.lat.48/manifest.json
56,Vat.lat.49,Biblioteca Vaticana,Vatican,Vatican,,,,,,14th,,14,1301,1400,,,,,0,,,,,399,,,,,,,Y,,,https://digi.vatlib.it/iiif/MSS_Vat.lat.49/manifest.json
57,9,Bibliothèque mazarine,Paris,France,,,France,Ile-de-France,Paris,,,13,1250,1275,,,,,0,,,,,,,,2,,,,P,,https://portail.biblissima.fr/fr/ark:/43093/mdata4f64596fb2168644edfa79636f4d9cab56362446,
58,13,Bibliothèque mazarine,Paris,France,,,France,Nord?,Unknown,,,13,1260,1270,,,,,0,,,,,,,,2,,,,P,,https://portail.biblissima.fr/fr/ark:/43093/mdata5324565695c660ca07d32a42df2cf333bef5485b,
59,15,Bibliothèque mazarine,Paris,France,,,France,Ile-de-France,Paris,,,13,ca. 1250,,,,,,0,,,,,,,,2,,,,P,,https://portail.biblissima.fr/fr/ark:/43093/mdata7fcd881d16df9de69c19d2177ba2952a63ef686b,
60,20,Bibliothèque mazarine,Paris,France,,,France,Unknown,Unknown,,,13,ca. 1250,,,,,,0,,,,,,,,2,,,,P,,https://portail.biblissima.fr/fr/ark:/43093/mdata5f7c18f14ed1259d636af13b8d6651cbadedfbe5,
61,21,Bibliothèque mazarine,Paris,France,,,France,Ile-de-France,Paris?,,,13,1270,1280,,,,,0,,,,,,,,2,,,,P,,https://portail.biblissima.fr/fr/ark:/43093/mdataa4ceae12216ecf7d345b4dc28007dc17c4a2124e,
62,24,Bibliothèque mazarine,Paris,France,,,France,Ile-de-France,Paris,,,13,1230,1240,,,,,0,,,,,,,,2,,,,P,,https://portail.biblissima.fr/fr/ark:/43093/mdataf28e0f19a01b12ff9628b6deb44d9315f9a7eb16,
63,27,Bibliothèque mazarine,Paris,France,,,France,Ile-de-France,Paris,,,13,1275,1300,,,,,0,,,,,,,,2,,,,P,,https://portail.biblissima.fr/fr/ark:/43093/mdata156f6e95cb21921445b112b9e5e37c12230ee1f9,
64,39,Bibliothèque mazarine,Paris,France,,,France,Ile-de-France,Paris,,,13,1230,1350,,,,,0,,,,,,,,2,,,,P,,https://portail.biblissima.fr/fr/ark:/43093/mdata80efd81efbaffb612eb44f049e6a4ca9569afa7a,
65,40,Bibliothèque mazarine,Paris,France,,,France,East?,Unknown,,,13,1200,1225,,,,,0,,,,,,,,2,,,,P,,https://portail.biblissima.fr/fr/ark:/43093/mdata15729af8e8c63eb263350b3dcdcc0f563ca58859,
66,72,Bibliothèque mazarine,Paris,France,,,France,Ile-de-France,Paris,,,13,1230,1350,,,,,0,,,,,,,,Varia,,,,P,,https://portail.biblissima.fr/fr/ark:/43093/mdata57275708ab1a478dd1cd903b152d2374d941f9bb,
67,135,Bibliothèque mazarine,Paris,France,,,France,Ile-de-France,Paris,,,13,ca. 1210,ca. 1210,,,,,0,,,,,,,,Varia,,,,P,,https://portail.biblissima.fr/fr/ark:/43093/mdatafb5b903919f002891a6e969dade556f19ff6bc4e,
68,5,Bibliothèque municipale,Boulogne-sur-Mer,France,Paris,,France,Ile-de-France,Paris,1220s,,13,1220,1230,,,462,318,780,,,,,437,,,,,,,P,,https://bvmm.irht.cnrs.fr/consult/consult.php?REPRODUCTION_ID=11885,
69,1,Bibliothèque municipale,Arles,France,France du sud ?,,France,South?,Unknown,1250-1274,,13,1250,1274,,,255,175,430,,,,,,,,2,,,,P,,https://bvmm.irht.cnrs.fr/consult/consult.php?reproductionId=7185,
70,1,Bibliothèque municipale,Nice,France,France du sud-est ?,,France,Sud-Est?,Unknown,,,13,1200,1249,,,176,130,306,,,,,,,,2,,,,P,,https://bvmm.irht.cnrs.fr/consult/consult.php?REPRODUCTION_ID=6415,
71,1,Bibliothèque municipale,Toulouse,France,Italie nord-ouest,,Italy,Liguria,Genoa,1250-1299,,13,1250,1300,,,340,220,560,,,,,,,,2,,,,Y,,https://bvmm.irht.cnrs.fr/consult/consult.php?REPRODUCTION_ID=1427,
72,1,Bibliothèque municipale,Vendôme,France,Paris ?,,France,Ile-de-France?,Paris?,1250-1274,,13,1250,1274,,,320,215,535,,,,,,,,2,,,,P,,https://bvmm.irht.cnrs.fr/consult/consult.php?REPRODUCTION_ID=8643,
73,2,Bibliothèque municipale Edouard Le Héricher,Avranches,France,Paris/Normandie ?,,France,Normandie?,Unknown,1225-1235,,13,1225,1235,,,410,300,710,,,,,,,,2,,,,P,,https://portail.biblissima.fr/fr/ark:/43093/mdataa119580cf73c7978981cd7775ee8a6571e605761,
74,3,Astrolabe-médiathèque et archives,Melun,France,Paris,,France,Ile-de-France,Paris,1250-1274,,13,1250,1274,,,215,148,363,,,,,,,,2,,,,Y,,https://portail.biblissima.fr/fr/ark:/43093/mdata6b679a1857b01c1457894d98f88b9f95224b8221,
75,4,Bibliothèque municipale,Besançon,France,France,,France,Unknown,Unknown,1245-1255,,13,1245,1255,,,242,172,414,,,,,,,,2,,,,P,,https://bvmm.irht.cnrs.fr/consult/consult.php?REPRODUCTION_ID=7663,
76,4,Bibliothèque municipale,Dijon,France,Paris,,France,Ile-de-France,Paris,1230-1240,,13,1230,1240,,,260,175,435,,,,,,,,2,,,,P,,https://bvmm.irht.cnrs.fr/consult/consult.php?REPRODUCTION_ID=7444,
77,5,Bibliothèque de Toulouse,Toulouse,France,France du sud,,France,Sud?,Unknown,1250-1299,,13,1250,1300,,,310,205,515,,,,,,,,2,,,,Y,,https://bvmm.irht.cnrs.fr/consult/consult.php?REPRODUCTION_ID=1439,
78,6,Bibliothèque municipale,Bourges,France,France Paris?,,France,Ile-de-France,Paris?,1310-1320,,14,1310,1320,,,475,350,825,,,,,,,,2,,,,P,,https://bvmm.irht.cnrs.fr/consult/consult.php?REPRODUCTION_ID=7271,
79,6,Bibliothèque municipale,Chambéry,France,France du nord,,France,Ile-de-France,Paris,1245-1255,,13,1245,1255,,,157,100,257,,,,,,,,2,,,,P,,https://bvmm.irht.cnrs.fr/consult/consult.php?REPRODUCTION_ID=12850,
80,7,Bibliothèque municipale,Dijon,France,France du nord,,France,Ile-de-France,Paris,1201-1300,,13,1201,1300,,,,,0,,,,,672,,,2,,,,P,,https://bvmm.irht.cnrs.fr/consult/consult.php?REPRODUCTION_ID=7446,
81,8,Bibliothèque de Toulouse,Toulouse,France,France,,France,Unknown,Unknown,1200-1299,,13,1200,1299,,,,,0,,,,,531,,,2,,,,Y,,https://bvmm.irht.cnrs.fr/consult/consult.php?REPRODUCTION_ID=1440,
82,8,Bibliothèque municipale,Valenciennes,France,France,,France,Unknown,Unknown,1250-1299,,13,1250,1299,,,222,148,370,,,,,394,,,2,,,,P,,https://bvmm.irht.cnrs.fr/consult/consult.php?REPRODUCTION_ID=11376,
83,9,Bibliothèque municipale,Toulouse,France,France,,France,Unknown,Unknown,1250-1299,,13,1250,1299,,,162,?,#VALUE!,,,,,,,,2,,,,P,,https://bvmm.irht.cnrs.fr/consult/consult.php?REPRODUCTION_ID=7867,
84,10,Bibliothèque municipale,Douai,France,France du nord/ Douai?,,France,Nord?,Douai?,1233-1265,,13,1235,1265,,,150,100,250,,,,,674,,,2,,,,P,,https://bvmm.irht.cnrs.fr/mirador/index.php?manifest=https://bvmm.irht.cnrs.fr/iiif/27011/manifest,https://bvmm.irht.cnrs.fr/iiif/27011/manifest
85,11,Bibliothèque municipale,Toulouse,France,France,,France,Unknown,Unknown,1250-1299,,13,1250,1299,,,230,145,375,,,,,497,,,2,,,,Y,,https://bvmm.irht.cnrs.fr/consult/consult.php?REPRODUCTION_ID=1441,
86,13MS/P/3,Médiathèque,Dole,France,?,,Unknown,Unknown,Unknown,1200-1299,,13,1200,1299,,,151,104,255,,,,,443,,,2,,,,P,,https://bvmm.irht.cnrs.fr/consult/consult.php?REPRODUCTION_ID=8573,
87,17,Bibliothèque municipale,Douai,France,France du nord?,,France,Ile-de-France? Nord?,Paris? Amiens?,1220-1230,,13,1220,1230,,,475,300,775,,,,,,,,2,,,,Y,,https://bvmm.irht.cnrs.fr/mirador/index.php?manifest=https://bvmm.irht.cnrs.fr/iiif/23219/manifest,https://bvmm.irht.cnrs.fr/iiif/23219/manifest
88,21,Bibliothèque du patrimoine,Clermont-Ferrand,France,France,,France,Unknown,Unknown,1200-1299,,13,1200,1299,,,188,125,313,,,,,593,,,2,,,,Y,,https://www.bibliotheques-clermontmetropole.eu/overnia/view.php?id=/media-dam/CLERCO/biblioth/PDF/bible_MS21.pdf,
89,23,Bibliothèque d'Amiens Métropole,Amiens,France,Picardie?,,France,Picardie?,Corbie?,1200-1224,,13,1200,1224,,,490,335,825,,,,,308,,,2,,,,Y,,https://bvmm.irht.cnrs.fr/consult/consult.php?REPRODUCTION_ID=18297,https://bvmm.irht.cnrs.fr/iiif/25810/manifest
90,23,Bibliothèque municipale Gaspard Monge,Beaune,France,Paris ?,,France,Ile-de-France,Paris,1270-1285,,13,1270,1285,,,310,208,518,,,,,460,,,2,,,,Y,,https://bvmm.irht.cnrs.fr/mirador/index.php?manifest=https://bvmm.irht.cnrs.fr/iiif/23059/manifest,https://bvmm.irht.cnrs.fr/iiif/23059/manifest
91,35,Bibliothèque de Reims,Reims,France,Paris ?,,France,Ile-de-France?,Paris?,1215-1225,,13,1215,1225,,,500,350,850,,,,,276,,,2,,,,Y,,https://bvmm.irht.cnrs.fr/consult/consult.php?REPRODUCTION_ID=1661,
92,40,Bibliothèque municipale,Reims,France,France est,,France,Champagne,Reims?,1300-1310,,14,1300,1310,,,520,375,895,,,,,245,,,2,,,,Y,,https://bvmm.irht.cnrs.fr/consult/consult.php?REPRODUCTION_ID=1665,
93,43,Bibliothèque municipale,Reims,France,France,,France,Unknown,Unknown,1300-1399,,14,1300,1399,,,400,290,690,,,,,364,,,2,,,,Y,,https://bvmm.irht.cnrs.fr/consult/consult.php?REPRODUCTION_ID=1670,
94,107,Bibliothèque municipale,Charleville-Mézière,France,France nord,,France,North,Unknown,1245-1255,,13,1245,1255,,,,,0,,,,,482,,,2,,,,Y,,https://bvmm.irht.cnrs.fr/consult/consult.php?REPRODUCTION_ID=18096,https://bvmm.irht.cnrs.fr/iiif/6458/manifest
95,197,Bibliothèque municipale,Autun,France,Italie nord-ouest,,Italy,Veneto,Padoue? Venise?,1250-1299,,13,1250,1299,,,238,165,403,,,,,484,,,2,,,,Y,,https://bvmm.irht.cnrs.fr/mirador/index.php?manifest=https://bvmm.irht.cnrs.fr/iiif/22773/manifest,https://bvmm.irht.cnrs.fr/iiif/20833/manifest
96,262,Médiathèque Louis Aragon,Le Mans,France,Paris ?,,France,Ile-de-France,Paris,1250-1270,,13,1250,1270,,,512,355,867,,,,,356,,,2,,,,Y,,https://bvmm.irht.cnrs.fr/consult/consult.php?REPRODUCTION_ID=3112,https://bvmm.irht.cnrs.fr/iiif/16928/manifest
97,577,Médiathèque du Grand Troyes,Troyes,France,Paris,,France,Ile-de-France,Paris,1220-1226,,13,1220,1226,,,324,220,544,,,,,325,,,2,,,,P,,https://bvmm.irht.cnrs.fr/mirador/index.php?manifest=https://bvmm.irht.cnrs.fr/iiif/30938/manifest,https://bvmm.irht.cnrs.fr/iiif/30938/manifest
98,S 169 (146a),Bibliothèque municipale,Autun,France,,,France,Ile-de-France,Paris,,,13,1270,1280,,,320,210,530,,,,,559,,,2,,,,Y,,https://bvmm.irht.cnrs.fr/mirador/index.php?manifest=https://bvmm.irht.cnrs.fr/iiif/22266/manifest,https://bvmm.irht.cnrs.fr/iiif/20799/manifest
99,14,Bibliothèque sainte Geneviève,Paris,France,,,Italy,South,Unknown,,,13,1250,1275,,,,,0,,,,,,,,2,,,,Y,,https://bvmm.irht.cnrs.fr//consult/consult.php?reproductionId=13137,
100,1180,Bibliothèque sainte Geneviève,Paris,France,,,France,Ile-de-France,Paris,,,13,1225,1235,,,,,0,,,,,,,,2,,,,Y,,https://bvmm.irht.cnrs.fr/consult/consult.php?reproductionId=13349,
101,Arsenal 590,Bibliothèque de l'Arsenal,Paris,France,,,France,Ile-de-France,Paris,,,14,ca. 1300,,,,,,0,,,,,,,,2,,,,Y,,https://gallica.bnf.fr/ark:/12148/btv1b84581342,
102,Latin 10421,"Bibliothèque nationale de France, site Richelieu",Paris,France,Unknown,Y,,,,13th century,,13,,,Unknown,,230,155,385,,,,1,658,,,2,,,,Y,,http://gallica.bnf.fr/ark:/12148/btv1b550130861,
103,Latin 10422,"Bibliothèque nationale de France, site Richelieu",Paris,France,Unknown,Y,,,,13th century,,13,,,Unknown,,115,90,205,,,,1,576,,,2,,,,Y,,https://archivesetmanuscrits.bnf.fr/ark:/12148/cc72143v,
104,Latin 10425,"Bibliothèque nationale de France, site Richelieu",Paris,France,Unknown,Y,,,,13th century,,13,,,Unknown,,140,105,245,,,,1,593,,,2,,,,P,,http://gallica.bnf.fr/ark:/12148/btv1b55013496z,
105,Latin 10426,"Bibliothèque nationale de France, site Richelieu",Paris,France,,,France,Ile-de-France,Paris,,,13,Unknown,,,,,,0,,,,,,,,2,,,,Y,Y,https://gallica.bnf.fr/ark:/12148/btv1b8447291v.r=latin%2010426?rk=64378;0,https://gallica.bnf.fr/iiif/ark:/12148/btv1b8447291v/manifest.json
106,Latin 10428,"Bibliothèque nationale de France, site Richelieu",Paris,France,Italy?,N,Italy,,,13th century,,13,,,Unknown,,230,160,390,,,,1,381,,,2,,,,Y,Y,https://gallica.bnf.fr/ark:/12148/btv1b52506323q.r=10428%20latin?rk=21459;2,https://gallica.bnf.fr/iiif/ark:/12148/btv1b52506323q/manifest.json
107,Latin 11,"Bibliothèque nationale de France, site Richelieu",Paris,France,Unknown,N,France,Unknown,Unknown,End of 12th century - 13th century,Y,13,Unknown,,Unknown,,425,300,725,,,,1,300,,,2,,,,Y,Y,https://archivesetmanuscrits.bnf.fr/ark:/12148/cc59021j,https://gallica.bnf.fr/view3if/ga/ark:/12148/btv1b8455938j
108,Latin 11534,"Bibliothèque nationale de France, site Richelieu",Paris,France,Unknown,Y,,,,End of 12th century,,13,,,Unknown,,465,355,820,,,,2,548,,,2,,,,Y,,http://gallica.bnf.fr/ark:/12148/btv1b10022500v,
109,Latin 11535,"Bibliothèque nationale de France, site Richelieu",Paris,France,Unknown,Y,,,,End of 12th century,,13,,,Unknown,,470,335,805,,,,2,345 ff.,,,2,,,,Y,,http://gallica.bnf.fr/ark:/12148/btv1b100224997,
110,Latin 11935,"Bibliothèque nationale de France, site Richelieu",Paris,France,Paris,Y,France,Ile-de-France,Paris,1317-1337,,14,1317,1337,Robert de Billyng,,,,0,,,,,705,,,2,,,,Y,,https://gallica.bnf.fr/ark:/12148/btv1b105097447,https://iiif.biblissima.fr/collections/manifest/76896e4048221548c97d56c558f2f9dffaeb48a7?tify={%22view%22:%22info%22}
111,Latin 17198,"Bibliothèque nationale de France, site Richelieu",Paris,France,,,France,Ile-de-France,Paris,,,13,Unknown,,,,,,0,,,,,,,,2,,,,Y,,https://gallica.bnf.fr/ark:/12148/btv1b90766235,
112,Latin 179,"Bibliothèque nationale de France, site Richelieu",Paris,France,,,France,Ile-de-France,Paris,,,13,Unknown,,,,,,0,,,,,,,,2,,,,Y,,https://archivesetmanuscrits.bnf.fr/ark:/12148/cc59755b,
113,Latin 17947,"Bibliothèque nationale de France, site Richelieu",Paris,France,,,France,Ile-de-France,Paris,,,13,Unknown,,,,,,0,,,,,,,,2,,,,Y,,https://archivesetmanuscrits.bnf.fr/ark:/12148/cc68914k/cd0e43,
114,Latin 18,"Bibliothèque nationale de France, site Richelieu",Paris,France,,,Italy,Emilia-Romagna,Bologna,,,13,Unknown,,,,,,0,,,,,,,,2,,,,Y,,https://gallica.bnf.fr/ark:/12148/btv1b6000540x,
115,Latin 23,"Bibliothèque nationale de France, site Richelieu",Paris,France,Unknown,Y,,,,13th century,,13,,,Unknown,,395,270,665,,,,1,477 ff.,,,2 and 3,,,,Y,,https://gallica.bnf.fr/ark:/12148/btv1b105110550,https://gallica.bnf.fr/iiif/ark:/12148/btv1b105110550/manifest.json
116,Latin 248,"Bibliothèque nationale de France, site Richelieu",Paris,France,,,France,Ile-de-France,Paris,,,14,Unknown,,,,,,0,,,,,,,,2,,,,Y,,https://gallica.bnf.fr/ark:/12148/btv1b8455904r,
117,Latin 30,"Bibliothèque nationale de France, site Richelieu",Paris,France,,,Spain,Catalogna,Unknown,,,13,Unknown,,,,,,0,,,,,,,,2,,,,Y,,https://gallica.bnf.fr/ark:/12148/btv1b10033390g,
118,Latin 40,"Bibliothèque nationale de France, site Richelieu",Paris,France,South of Italy?,Y,Italy,,,End of 13th century - 14th century,,13/14,,,Maître de la Bible de Manfred?,,255,180,435,,,,1,463 ff.,,,2,,,,Y,,https://gallica.bnf.fr/ark:/12148/btv1b8455927r/f1.item,
119,Latin 91,"Bibliothèque nationale de France, site Richelieu",Paris,France,,,France,Vaucluse,Avignon,,,14,Unknown,,,,,,0,,,,,,,,2,,,,Y,,http://gallica.bnf.fr/ark:/12148/btv1b10038621w,
120,NAL 3102,"Bibliothèque nationale de France, site Richelieu",Paris,France,Paris,Y,France,Ile-de-France,Paris,ca. 1350,,14,,,,,,,0,,,,,,,,,,,,Y,,https://gallica.bnf.fr/ark:/12148/btv1b100324820,"https://iiif.biblissima.fr/collections/manifest/ddb43209ce713681cb019bb2d0ceab5b08a63d82?tify={%22panX%22:0.5,%22panY%22:0.378,%22view%22:%22info%22,%22zoom%22:1.341}"
121,Smith-Lesouëf 19,"Bibliothèque nationale de France, site Richelieu",Paris,France,"Cambrai or Tournai, France",Y,France,Nord,"Cambrai or Tournai, France",End of 13th century,,13,Unknown,,Arnulphus de Camphaing,,144,102,246,,110,66,1,2 + 570 + 2 ff.,,,2,,,,Y,,https://gallica.bnf.fr/ark:/12148/btv1b105326396,
122,Auct. D. 3. 5,Bodleian Library,Oxford,United Kingdom,"Oxford, England",Y,England,Oxfordshire,Oxford?,mid 13th,,13,1250,,,,,,0,,,,,c 18,,,2,,,,P,,https://digital.bodleian.ox.ac.uk/objects/eadd6d56-b068-4976-8188-8ba393da19bf/,
123,Auct. D. 4. 8,Bodleian Library,Oxford,United Kingdom,,,England,Unknown,Unknown,,,13,1240,1250,,,208,140,348,,177,92,,,,,2,,,,Y,,https://digital.bodleian.ox.ac.uk/objects/57aa316c-7248-4d2e-bab5-2f4ed3fc8bac/,
124,Canon. Bibl. Lat. 57,Bodleian Library,Oxford,United Kingdom,"Bologna, Italy",Y,Italy,,,end 13th,,13,,,,,,,0,,,,,c 20,,,2,,,,P,,,https://iiif.bodleian.ox.ac.uk/iiif/viewer/78157766-4689-491d-bd3e-ecfd01eb4c30#?c=0&m=0&s=0&cv=137&r=0&xywh=-2686%2C-1%2C8129%2C4155
125,MS. Lat. bib. e. 7,Bodleian Library,Oxford,United Kingdom,"England, Oxford",,England,,Oxford,"13th century, second quarter",,13,,,,,,,0,,,,,,,,,,,,P,,https://digital.bodleian.ox.ac.uk/objects/f667786c-b5b4-4d25-b2c9-b70488a79be2/,
126,Laud Misc. 752,Bodleian Library,Oxford,United Kingdom,,Y,England,Unknown,Unknown,13th,,13,Unknown,,,,,,0,,,,,,,,2,,,,Y,,,https://iiif.bodleian.ox.ac.uk/iiif/manifest/f667786c-b5b4-4d25-b2c9-b70488a79be2.json
127,,Boston Public Library,Boston,United States of America,,,,,,1220-1260,,13,1220,1260,,,232,158,390,,,,,14/44,,,,,,,Y,,https://ark.digitalcommonwealth.org/ark:/50959/5t34tr51v,
128,,Boston Public Library,Boston,United States of America,,,,,,1225-1250,,13,,1250,,,,,0,,,,4,,,,,,,,Y,,https://www.digitalcommonwealth.org/search/commonwealth:8910kn919,
129,,Boston Public Library,Boston,United States of America,,,,,,1250-1299,,13,1250,1299,,,318,230,548,,,,1,451,,,,,,,Y,,https://www.digitalcommonwealth.org/search/commonwealth:gq67mm95w,
130,Additional 18720,British Library,London,United Kingdom,Bologna,,Italy,Emilia-Romagna,Bologna,,,13,1275,1300,,,385,250,635,,270,160,,,,,2,,,,Y,,https://www.bl.uk/catalogues/illuminatedmanuscripts/record.asp?MSID=8325&CollID=27&NStart=18720,
131,Additional 50003,British Library,London,United Kingdom,,,Spain,Catalogna,Vich?,,,13,1273,,Johannes Poncii,,,,0,,,,,,,,2,,,,Y,,https://www.bl.uk/catalogues/illuminatedmanuscripts/record.asp?MSID=8315&CollID=27&NStart=50003,
132,Royal 1 C II,British Library,London,United Kingdom,,,France,Ile-de-France,Paris,,,13,1275,1300,,,370,240,610,,,,,,,,2,,,,Y,,http://www.bl.uk/catalogues/illuminatedmanuscripts/record.asp?MSID=6552,
133,Royal 1 D I,British Library,London,United Kingdom,,,England,Unknown,Oxford or Canterbury?,,,13,1275,1300,William of Devon,,,,0,,,,,,,,2,,,,Y,,https://www.bl.uk/catalogues/illuminatedmanuscripts/record.asp?MSID=8746&CollID=16&NStart=10401,
134,Royal 4 E IX,British Library,London,United Kingdom,Paris,Y,France,Ile-de-France,Paris,late 12th century,,,,,Peter Lombard,,,,0,,,,,421,,,,,,,Y,,http://access.bl.uk/item/viewer/ark:/81055/vdc_100056063395.0x000001#?cv=0&c=0&m=0&s=0&xywh=-2055%2C-1%2C8927%2C6942,https://iiif.biblissima.fr/collections/manifest/fc3965af09dc2f4e665df69892722493d1a94319?tify={%22view%22:%22info%22}
135,49,"Cambridge, Corpus Christi College",Cambridge,United Kingdom,England,Y,,,,1270-80,,13,,,three hands,,345,225,570,,,,1,444,,,2,,,,Y,,,https://dms-data.stanford.edu/data/manifests/Parker/qy662bj1544/manifest.json
136,246,"Cambridge, Corpus Christi College",Cambridge,United Kingdom,England,Y,,,,13 c,,13,,,unknown,,156,102,258,,,,1,400,,,2,,,,Y,,,https://dms-data.stanford.edu/data/manifests/Parker/ns059km6096/manifest.json
137,485,"Cambridge, Corpus Christi College",Cambridge,United Kingdom,England,Y,England,,Gloucester,13c,,13,1200,1299,,,260,175,435,,,,1,379,,,2,54,54,,Y,,,https://parker.stanford.edu/parker/catalog/xk876dn8316
138,John L. Severance Fund 2008.2,Cleveland Museum of Art,Cleveland,United States of America,"Southern France, Toulouse or Avignon",,France,,,13 c,,13,,,,,,,0,,,,,,,,,,,,P,,https://www.clevelandart.org/art/2008.2,
139,,Cleveland Museum of Art,Cleveland,United States of America,,,,,,,,,,,,,,,0,,,,,1,,,,,,,Y,,https://archive.org/details/clevelandart-1959.271-single-leaf-from-a-b,
140,,Cleveland Museum of Art,Cleveland,United States of America,,,,,,1220,,13,1220,,,,,,0,,,,,1,,,,,,,Y,,https://archive.org/details/clevelandart-2011.51-leaf-with-initial-fr,
141,Cod Bodmer 28,"Cologny, Fondation Martin Bodmer",Cologny,Switzerland,Northern France?,,France,,,13,,13,,,,,357,250,607,,,,,1,416,,,,,,Y,Y,https://www.e-codices.ch/en/fmb/cb-0028/bindingRulerS/0/,
142,Cod. Bodmer 187,"Cologny, Fondation Martin Bodmer",Cologny,Switzerland,France,Y,France,,,middle or second half of the 13th century,,13,,,,,183,150,333,,,,1,597,,,,,,,Y,,,https://www.e-codices.ch/metadata/iiif/fmb-cb-0187/manifest.json
143,UTS 048,"Columbia University, Burke Library",New York,United States of America,France?,N,France,,,1200-1299,,13,1200,1299,,,190,140,330,,,,,,,,,,,,Y,,https://digital-scriptorium.org/xtf3/search?rmode=digscript;smode=basic;text=UTS%20048;docsPerPage=1;startDoc=1;fullview=yes,
144,MS. A.II.3,"Durham, Cathedral Library",Durham,England,Paris,Y,France,Ile-de-France,Paris,late 13th century,,13,,,,,410,260,670,,,,,i+462+i,,,2,,54,,Y,,"https://iiif.durham.ac.uk/index.html?manifest=t2mnp193916h

https://www.durhampriory.ac.uk/mediawiki/Durham_Durham_Cathedral_MS_A.II.3",https://iiif.biblissima.fr/collections/manifest/3455915fcb535c1587cc3f4565b209aaf42c6fa1?tify={%22view%22:%22info%22}
145,McClean 13,Fitzwilliam Museum,Cambridge,England,France,Y,France,,,c 1240,,13,,,,,,,0,,,,,5,,,2,,,,Y,,https://collection.beta.fitz.ms/id/object/118825,
146,Lewis E M 4:1,Free Library of Philadelphia,Philadelphia,United States of America,,,France,Ile-de-France,Paris,,,13,1260,,,,,,0,,,,,,,,2,,,,P,,https://libwww.freelibrary.org/digital/search/?callnumber=Lewis%20E%20M%204:1,
147,Lewis E M 43:6,Free Library of Philadelphia,Philadelphia,United States of America,,,France,Provence,Unknown,,,13,1299,,,,,,0,,,,,,,,2,,,,P,,https://openn.library.upenn.edu/Data/0023/html/lewis_e_m_043_006.html,
148,Lewis E242,Free Library of Philadelphia,Philadelphia,United States of America,,,,,,1240-60,,13,1240,1260,,,,,0,,,,,8,,,,,,Devine 2016,Y,,https://digital-scriptorium.org/xtf3/search?rmode=digscript;smode=basic;docsPerPage=1;startDoc=1;fullview=yes;directlink=LewisE242_4,
149,Lewis E243,Free Library of Philadelphia,Philadelphia,United States of America,Paris,Y,France,Ile-de-France,Paris,1220-30,,13,1220,1230,,,,,0,,,,,,,,,,,,Y,,https://archive.org/details/lewis_e_243,
150,Lewis E28,Free Library of Philadelphia,Philadelphia,United States of America,Paris,Y,France,Ile-de-France,Paris,1240,,13,1240,1240,,,,,0,,,,1,653,,,,,,,Y,,https://archive.org/details/lewis_e_028,
151,Lewis E29,Free Library of Philadelphia,Philadelphia,United States of America,"Oxford, England",Y,,,,1230,,13,1230,1230,,,,,0,,,,,,,,,,,,Y,,https://archive.org/details/lewis_e_029,
152,Lewis E30,Free Library of Philadelphia,Philadelphia,United States of America,"Oxford, England",Y,,,,1225,,13,1225,1255,,,,,0,,,,,,,,,,,,Y,,https://archive.org/details/lewis_e_030,
153,Lewis E31,Free Library of Philadelphia,Philadelphia,United States of America,"Oxford?, England",Y,,,,c 1230,,13,1220,1240,,,232,166,398,,,,,ff. v + 329 + iv,,,2,62,65,,Y,,https://archive.org/details/lewis_e_031,
154,Lewis E32,Free Library of Philadelphia,Philadelphia,United States of America,"Oxford?, England",Y,,,,c 1230,,13,1220,1240,,,212,155,367,,,,,ff. i + 253 + iiv + i,,,2,,60-66,,Y,,https://archive.org/details/lewis_e_032,
155,Lewis E33,Free Library of Philadelphia,Philadelphia,United States of America,Paris,Y,France,Ile-de-France,Paris,1250,,13,1250,1250,,,,,0,,,,,,,,,,,,Y,,https://archive.org/details/lewis_e_033,
156,Lewis E34,Free Library of Philadelphia,Philadelphia,United States of America,Paris,Y,France,Ile-de-France,Paris,1250,,13,1250,1250,,,,,0,,,,,,,,,,,,Y,,https://archive.org/details/lewis_e_034,
157,Lewis E36,Free Library of Philadelphia,Philadelphia,United States of America,"Padua or Venice, Italy",Y,Italy,,,1260-80,,13,1260,1280,,,,,0,,,,,,,,,,,,Y,,https://archive.org/details/lewis_e_036,
158,Lewis E37,Free Library of Philadelphia,Philadelphia,United States of America,Naples/Genoa,Y,,,,1260-80,,13,1260,1280,,,375,250,625,,275,170,1,499,,,2,,52,,Y,,https://archive.org/details/lewis_e_037,
159,Lewis E38,Free Library of Philadelphia,Philadelphia,United States of America,Siena,Y,Italy,Tuscany,Siena,1250,,13,1250,1250,,,,,0,,,,,,,,,,,,Y,,https://archive.org/details/lewis_e_038/,
160,Lewis E39,Free Library of Philadelphia,Philadelphia,United States of America,Italy,Y,Italy,,,1240,,13,,,,,,,0,,,,,,,,,,,,Y,,https://archive.org/details/lewis_e_039/,
161,Lewis E40,Free Library of Philadelphia,Philadelphia,United States of America,Italy,Y,Italy,,,14th,,14,1301,1400,,,,,0,,,,,,,,,,,,Y,,https://archive.org/details/lewis_e_040/,
162,MS Richardson 1,"Harvard University, Houghton Library","Cambridge, MA",United States of America,England?,N,England?,,,1250,1250,13,,,,,,,0,,,,,446,,,,,,,P,,https://iiif.lib.harvard.edu/manifests/view/drs:4510608$1i,
163,Lat 006,"Harvard University, Houghton Library","Cambridge, MA",United States of America,France,Y,France,,,1225 - 1250,,13,1225,1250,,,,,0,,,,,3,,,,,,,P,,http://ds.lib.berkeley.edu/MSLat006_2,
164,Lat 036,"Harvard University, Houghton Library","Cambridge, MA",United States of America,France,Y,France,,,1290 - 1310,,13/14,1290,1310,,,,,0,,,,,463,,,,,,,P,,,https://iiif.lib.harvard.edu/manifests/view/drs:4145774$15i
165,Lat 261,"Harvard University, Houghton Library","Cambridge, MA",United States of America,France,Y,France,,,1200 - 1299,,13,,,,,,,0,,,,,423,,,,,,,P,,,https://iiif.lib.harvard.edu/manifests/view/drs:4298054$24i
166,Lat 354,"Harvard University, Houghton Library","Cambridge, MA",United States of America,France,Y,France,,,1200 - 1299,,13,,,,,,,0,,,,,354,,,,,,,P,,,https://iiif.lib.harvard.edu/manifests/view/drs:4298059$1i
167,Richardson 001,"Harvard University, Houghton Library","Cambridge, MA",United States of America,England,Y,England,,,1200 - 1299,,13,1200,1299,,,270,?,#VALUE!,,,,,86,,,,,,,P,,https://digital-scriptorium.org/xtf3/search?rmode=digscript;smode=basic;text=Richardson%20001;docsPerPage=1;startDoc=1;fullview=yes,
168,Typ 0004,"Harvard University, Houghton Library","Cambridge, MA",United States of America,England,Y,England,,,1250 - 1299,,13,1250,1299,,,180,?,#VALUE!,,,,,465,,,,,,,P,,https://digital-scriptorium.org/xtf3/search?rmode=digscript;smode=basic;text=Typ%200004;docsPerPage=1;startDoc=1;fullview=yes,
169,Typ 0295,"Harvard University, Houghton Library","Cambridge, MA",United States of America,Italy,Y,Italy,,,1200 - 1299,,13,,,,,,,0,,,,,8,,,2,,,,P,,https://digital-scriptorium.org/xtf3/search?rmode=digscript;smode=basic;text=latin%20bible;centuryfacet=13;docsPerPage=1;startDoc=15;fullview=yes,
170,Typ 414,"Harvard University, Houghton Library","Cambridge, MA",United States of America,France,,France,,,1200 - 1299,,13,1200,1250,,,320,230,550,,,,,368,,,,,,,P,,https://digital-scriptorium.org/xtf3/search?rmode=digscript;smode=basic;text=Typ%200414;docsPerPage=1;startDoc=1;fullview=yes,https://iiif.lib.harvard.edu/manifests/view/drs:3948912$17i
171,Typ 446,"Harvard University, Houghton Library","Cambridge, MA",United States of America,England,Y,England,Bury St Edmunds,Suffolk,1200 - 1299,,13,,,,,200,140,340,,,,,554,,,,,,,P,,https://digital-scriptorium.org/xtf3/search?rmode=digscript;smode=basic;text=Typ%200446;docsPerPage=1;startDoc=1;fullview=yes,https://iiif.lib.harvard.edu/manifests/view/drs:3983598$9i
172,Quaker & Special Collections J2.16.10,Haverford College,"Haverford, Pennsylvania",United States of America,northern France,Y,France,,,1250,,13,1250,1250,,,235,165,400,,,,,452,,,,,,,Y,Y,https://bibliophilly.library.upenn.edu/viewer.php?id=1250%20J2.16.10#page/1/mode/2up,
173,16,Hofbibliothek Aschaffenburg,"Aschaffenburg,",Germany,northern France,Y,France,,,2nd half 13,,13,,,,,,,0,,,,2,,,,,,,,Y,,https://daten.digitale-sammlungen.de/0012/bsb00121974/images/index.html?id=00121974&groesser=&fip=weayayztssdaseayaxsewqeayaxdsydeaya&no=13&seite=11,
174,17,Hofbibliothek Aschaffenburg,"Aschaffenburg,",Germany,northern France,Y,France,,,just after mid 13,,13,,,,,,,0,,,,,,,,,,,,Y,,https://daten.digitale-sammlungen.de/0012/bsb00121978/images/index.html?id=00121978&groesser=&fip=weayayztssdaseayaxsewqeayaxdsydeaya&no=1&seite=3,
175,18,Hofbibliothek Aschaffenburg,"Aschaffenburg,",Germany,northern France,Y,France,,,1273,,13,,,,,,,0,,,,,341,,,2,,,,Y,,https://daten.digitale-sammlungen.de/0012/bsb00121979/images/index.html?id=00121979&groesser=&fip=193.174.98.30&no=&seite=9,
176,Lat 036,"Harvard University, Houghton Library","Cambridge, MA",United States of America,France,,France,Ile-de-France,Paris,,,13,1290,1310,,,380,?,#VALUE!,,,,,463,,,2,,,,P,,https://digital-scriptorium.org/xtf3/search?rmode=digscript;smode=basic;text=Lat%20036;docsPerPage=1;startDoc=1;fullview=yes,https://iiif.lib.harvard.edu/manifests/view/drs:4145774$1i
177,Typ 414,"Harvard University, Houghton Library","Cambridge, MA",United States of America,France,,France,Unknown,Unknown,1200-1299,,13,1200,1300,,,,,340,,,,,368,,,2,,,,P,,https://digitalcollections.library.harvard.edu/catalog/990098001420203941,https://iiif.lib.harvard.edu/manifests/drs:3948912
178,Ricketts III: 25,"Indiana University, Bloomington, Lilly Library","Bloomington, IN",United States of America,England,Y,,,,1240 - 1260,,13,1240,1260,,,83,130,213,,,,,1,,,2,,52,,P,,http://ds.lib.berkeley.edu/RickettsIII25_40,
179,Ms. 107 (2011.23),J. Paul Getty Museum,"Los Angeles, CA",United States of America,,,Italy,Emilia-Romagna,Bologna,,,13,1250,1262,,,,,0,,,,,,,,2,,,,P,,https://www.getty.edu/art/collection/objects/253400/unknown-maker-abbey-bible-italian-about-1250-1262/,https://www.getty.edu/art/collection/static/viewers/mirador/?manifest=https://data.getty.edu/museum/api/iiif/253400/manifest.json
180,Ms. Ludwig I 11 (83.MA.60),J. Paul Getty Museum,"Los Angeles, CA",United States of America,,,Italy,Emilia-Romagna,Bologna,,,13,1280,1290,,,,,0,,,,,,,,2,,,,P,,https://www.getty.edu/art/collection/objects/1349/unknown-maker-bible-italian-about-1280-1290/,https://data.getty.edu/museum/api/iiif/1349/manifest.json
181,Ms. Ludwig I 8 - v3 (83.MA.57.3),J. Paul Getty Museum,"Los Angeles, CA",United States of America,,,France,Hauts-de-France,Lille?,,,13,1270,,,,,,0,,,,,,,,2,,,,P,,https://www.getty.edu/art/collection/objects/2808/unknown-maker-initial-i-the-rebuilding-of-the-temple-franco-flemish-about-1270/,
182,Marquette Bible,J. Paul Getty Museum,"Los Angeles, CA",United States of America,,,,,,,,,,,,,,,0,,,,,,,,,,,,P,,https://www.getty.edu/art/collection/objects/1343/unknown-maker-marquette-bible-3-vols-franco-flemish-about-1270/,
183,9,Library Company of Philadelphia,Philadelphia,United States of America,England,Y,,,,1200,,13,1200,1200,,,,,0,,,,,,,,1,,,,Y,,https://archive.org/details/lcp_ms9,
184,LAD 2013.051,Louvre Abu Dhabi,Abu Dhabi,United arab emirates,Rouen region,Y,,,,56,,,,,Unknown,,290,190,480,,160,115,2,319 ff. + 364 ff.,,,2,,,,Y,,N/A,
185,LAD 2013.051,Louvre Abu Dhabi,Abu Dhabi,United arab emirates,,,France,Normandie?,Rouen?,,,13,1250,1280,,,,,0,,,,,,,,2,,,,Y,,N/A,
186,7,Médiathèque,Orléans,France,,,France,Ile-de-France,Paris,,,13,1250,1275,,,,,0,,,,,,,,2,,,,Y,?,https://mediatheques.orleans-metropole.fr/ark:/77916/FRCGMBPF-452346101-01A/D18010009,
187,12,Médiathèque,Orléans,France,,,France,Ile-de-France,Paris,,,13,1200,1215,,,,,0,,,,,,,,2,,,,Y,,https://mediatheques.orleans-metropole.fr/ark:/77916/FRCGMBPF-452346101-01A/D18010304,
188,1997.320,MET,New York,United States of America,,,France,Ile-de-France,Paris,,,13,1250,1275,,,,,0,,,,,,,,2,,,,P,,https://www.metmuseum.org/art/collection/search/466297?searchField=All&amp;sortBy=Relevance&amp;what=Manuscripts%7cBible&amp;ao=on&amp;ft=*&amp;offset=0&amp;rpp=20&amp;pos=1,
189,7,Musée Dobrée,Nantes,France,,,,,,last qu 13thc,,13,,,,,124,96,220,,,,,535,,,2,,,Devine 2016,Y,,https://bvmm.irht.cnrs.fr/consult/consult.php?REPRODUCTION_ID=4315,
190,KB 132 F 21,National Library of the Netherlands,The Hague,Netherlands,,,France,Ile-de-France,Paris,,,13,1240,1260,,,,,0,,,,,,,,2,,,,P,,https://manuscripts.kb.nl/show/manuscript/132+F+21,
191,KB 133 D 25,National Library of the Netherlands,The Hague,Netherlands,,,France,Ile-de-France,Paris,1240-1260,,13,1240,1260,,,133,83,216,,95,62,,656,,,2,45,45,,P,,https://manuscripts.kb.nl/show/images/132+F+21,
192,KB 76 E 22,National Library of the Netherlands,The Hague,Netherlands,,,France,Ile-de-France,Paris,,,13,1250,1275,,,,,0,,,,,,,,2,,,,P,,https://manuscripts.kb.nl/show/manuscript/76+E+22,
193,KB 76 G 2,National Library of the Netherlands,The Hague,Netherlands,,,France,Ile-de-France,Paris,,,13,1250,1300,,,,,0,,,,,,,,2,,,,P,,https://manuscripts.kb.nl/show/images/76+G+2,
194,MMW 10 E 32,National Library of the Netherlands,The Hague,Netherlands,,,France,Ile-de-France,Paris,,,14,1297,1320,,,,,0,,,,,,,,2,,,,P,,https://manuscripts.kb.nl/show/images/10+E+32,
195,MMW 10 E 33,National Library of the Netherlands,The Hague,Netherlands,,,France,Unknown,Unknown,,,13,1275,1300,,,,,0,,,,,,,,2,,,,P,,https://manuscripts.kb.nl/show/images/10+E+33,
196,MMW 10 E 35,National Library of the Netherlands,The Hague,Netherlands,,,France,Unknown,Unknown,,,13,1250,1300,,,,,0,,,,,,,,2,,,,P,,https://manuscripts.kb.nl/show/images/10+E+35,
197,MMW 10 E 36,National Library of the Netherlands,The Hague,Netherlands,,,France,Ile-de-France,Paris?,,,13,1275,1300,,,,,0,,,,,,,,2,,,,P,,https://manuscripts.kb.nl/show/images/10+E+36,
198,B.10.1,Parker Library,"Corpus Christi College, Cambridge",United Kingdom,,,,,,,,,,,,,,,0,,,,,,,,,,,,Y,,,
199,G.18,Pierpont Morgan Library,New York,United States of America,,,England,Gloucestershire,Gloucester?,,,13,1240,,,,,,0,,,,,,,,2,,,,P,,https://www.themorgan.org/manuscript/76953,
200,G.18,Pierpont Morgan Library,New York,United States of America,England,Y,,,,ca. 1240,,13,,,,,283,200,483,,,,1,20/398,,,2,,50,,P,,https://www.themorgan.org/manuscript/76953,
201,G.31,Pierpont Morgan Library,New York,United States of America,,,France,Ile-de-France,Paris,,,13,1250,,,,,,0,,,,,,,,2,,,,P,,https://www.themorgan.org/manuscript/76944,
202,G.31,Pierpont Morgan Library,New York,United States of America,France,Y,France,,,ca. 1250,,13,,,,,,,0,,,,,,,,,,,,P,,https://www.themorgan.org/manuscript/76944,
203,G.34,Pierpont Morgan Library,New York,United States of America,England,Y,,,,1195,,13,,,,,,,0,,,,,,,,,,,,P,,https://www.themorgan.org/manuscript/76976,
204,G.42,Pierpont Morgan Library,New York,United States of America,"Oxford, England",Y,,,,ca. 1265,,13,,,,,,,0,,,,,,,,,,,,P,,https://www.themorgan.org/manuscript/76959,
205,G.64,Pierpont Morgan Library,New York,United States of America,Belgium,Y,,,,ca. 1270,,13,,,,,,,0,,,,,,,,,,,,P,,https://www.themorgan.org/manuscript/76998,
206,G42,Pierpont Morgan Library,New York,United States of America,,,England,Oxfordshire,Oxford?,,,13,1265,,,,,,0,,,,,,,,2,,,,P,,https://www.themorgan.org/manuscript/76959,
207,G60,Pierpont Morgan Library,New York,United States of America,Palermo,Y,Italy,Sicily,Palermo?,first qu 14th c,,14,1300,1325,,,280,200,480,,162,120,1,80/652,,,2,,38,,Y,,http://ica.themorgan.org/manuscript/thumbs/76984,
208,M.109-111,Pierpont Morgan Library,New York,United States of America,France,Y,France,,,ca. 1260,,13,,,,,500,360,860,,,,3,"M.109 224 leaves (1 column, 42 lines), bound : vellum, ill.",,,,,,,P,,https://www.themorgan.org/manuscript/77048,
209,M.138,Pierpont Morgan Library,New York,United States of America,France or England,Y,France or England,Unknown,Unknown,ca. 1260-1270,,13,1260,1270,,,,,0,,,,,,,,,,,,P,,https://www.themorgan.org/manuscript/77042,
210,M.163,Pierpont Morgan Library,New York,United States of America,France,Y,France,,,1229,,13,,,,,,,0,,,,,,,,,,,,P,,https://www.themorgan.org/manuscript/77212,
211,M.177,Pierpont Morgan Library,New York,United States of America,France,Y,France,,,1260-1280,,13,1260,1280,,,,,0,,,,,,,,,,,,P,,https://www.themorgan.org/manuscript/77083,
212,M.178,Pierpont Morgan Library,New York,United States of America,Southern Italy,Y,Italy,,,1250-1260,,13,1250,1260,,,150,120,270,,,,1,"360 leaves (2 columns, 53 lines), bound : vellum, ill. ; 150 x 120",,,,,,,P,,https://www.themorgan.org/manuscript/77084,
213,M.193,Pierpont Morgan Library,New York,United States of America,"north central France, possibly for use in the Cistercian church of St. Stephen at Châlons-sur-Marne",Y,France,Central France,Chalons-sur-Marne?,1250-1300,,13,1250,1300,,textura,,,0,,,,,,,,,,,,P,,https://www.themorgan.org/manuscript/146951,
214,M.269,Pierpont Morgan Library,New York,United States of America,France,Y,France,Ile-de-France,Paris,ca. 1245-1250,,13,1245,1250,,,,,0,,,,,,,,,,,,P,,https://www.themorgan.org/manuscript/112427,
215,M.295,Pierpont Morgan Library,New York,United States of America,Belgium,Y,Belgium,Wallonia,Liege?,ca. 1260,,13,,,,,140,90,230,,,,1,"679 leaves (2 columns, 47 lines), bound : vellum, ill.",,,,,,,P,,https://www.themorgan.org/manuscript/77409,
216,M.436,Pierpont Morgan Library,New York,United States of America,"Padua, Italy",Y,Italy,Veneto,Padua,ca. 1287-1300,,13,1287,1300,Mutinensis de Grasulfo,,425,265,690,,,,,"462 leaves (2 columns, 56 lines), bound : vellum, ill.",,,,,,,P,,https://www.themorgan.org/manuscript/112313,
217,M.494,Pierpont Morgan Library,New York,United States of America,France,Y,France,,,13th century,,13,,,,,,,0,,,,,,,,,,,,P,,https://www.themorgan.org/manuscript/86382,
218,M.65,Pierpont Morgan Library,New York,United States of America,France,Y,France,Unknown,Unknown,1225-1250,,13,1225,1250,,,,,0,,,,,,,,,,,,P,,https://www.themorgan.org/manuscript/77041,
219,M.66,Pierpont Morgan Library,New York,United States of America,France,Y,France,Unknown,Unknown,1225-1250,,13,1225,1250,,,,,0,,,,,,,,,,,,P,,https://www.themorgan.org/manuscript/77040,
220,M.791,Pierpont Morgan Library,New York,United States of America,England,Y,England,Oxfordshire,Oxford,ca. 1220,,13,1220,,,,,,0,,,,,,,,,,,,P,,https://www.themorgan.org/manuscript/145047,
221,M.833,Pierpont Morgan Library,New York,United States of America,,,Netherlands,Bohemia,Prague or Raudnitz,,,14,1391,,Andreas of Austria,,,,0,,,,,,,,2,,,,P,,https://www.themorgan.org/manuscript/158986,
222,M.851,Pierpont Morgan Library,New York,United States of America,France,Y,France,,,ca. 1260,,13,,,,,,,0,,,,,,,,,,,,P,,https://www.themorgan.org/manuscript/77049,
223,M.953,Pierpont Morgan Library,New York,United States of America,France,Y,France,,,ca. 1260,,13,,,,,,,0,,,,,,,,,,,,P,,https://www.themorgan.org/manuscript/113113,
224,M.969,Pierpont Morgan Library,New York,United States of America,Northeastern France,Y,France,Hauts-de-France,Saint-Omer or Therouanne,13th century,,13,1270,1280,,,,,0,,,,,,,,2,,,,P,,https://www.themorgan.org/manuscript/145388,
225,M.970,Pierpont Morgan Library,New York,United States of America,France,Y,France,Ile-de-France,Paris?,1250-1275,,13,1250,1275,,,,,0,,,,,,,,2,,,,P,,https://www.themorgan.org/manuscript/145404,
226,M163,Pierpont Morgan Library,New York,United States of America,,,France,Hauts-de-France,Corbie?,,,13,1229,,Brito,textura,,,0,,,,,,,,2,,,,P,,https://www.themorgan.org/manuscript/77212,
227,M177,Pierpont Morgan Library,New York,United States of America,,,France,Ile-de-France,Paris,,,13,1260,1280,,,,,0,,,,,,,,2,,,,P,,https://www.themorgan.org/manuscript/77083,
228,Cod. S 438,Zentralbibliothek,Solothurn,Switzerland,northern France,Y,France,North,,c 1270,,13,,,,,230,160,390,,,,1,495,,,,,,,Y,,https://www.e-codices.ch/en/zbs/S-0438/,
229,BR6,Southern Methodist University Library,"Dallas, TX",United States of America,Paris,Y,France,Ile-de-France,Paris,c1250,,13,1240,1260,,,,,0,,,,,,,,,,,,P,,https://www.smu.edu/Bridwell/SpecialCollectionsandArchives/Exhibitions/Manuscripts/ScriptureandWorship/BRMS6-ParisBible,
230,MSS CODEX 1053 CB,Stanford University,Stanford,United States of America,Paris?,Y,France,Ile-de-France,Paris?,1250?,,13,1240,1260,,,148,96,244,,,,,14/590,,,,,,,Y,,https://purl.stanford.edu/jt667pt7887/iiif/manifest,
231,BS75 1200z,"Swarthmore College, McCabe Library","Swarthmore, PA",United States of America,"Paris?, Northern France",N,France,Ile-de-France,Paris?,Late 13th century,,13,1266,1299,,Gothic--textualis,124,85,209,,102,67,,,,,2,,46,,Y,,"https://archive.org/details/swarthmore_bs75_1200z/page/n849/mode/2up

https://bibliophilly.library.upenn.edu/viewer.php?id=BS75%201200z#page/18/mode/2up",
232,BANC UCB 012,UC Berkeley Special Collections,"Berkeley, CA",United States of America,England,Y,,,,13th,,13,,,,,,,0,,,,,22,,,,,,,Y,,https://digital-scriptorium.org/xtf3/search?rmode=digscript;smode=advanced;field1=text;term1=Bible;join1=token;operator1=and;field2=text;join2=token;operator2=and;field3=text;join3=token;datetype=range;centuryfacet=13;docsPerPage=1;startDoc=9;fullview=yes,
233,BANC UCB 130:f1200:23,UC Berkeley Special Collections,"Berkeley, CA",United States of America,"Rhineland, Germany",Y,,,,1250-1299,,13,1250,1299,,,160,117,277,,,,,1,,,2,,46,,P,,http://ds.lib.berkeley.edu/BANCMSUCB130f120023_1,
234,BANC UCB 130:f1400:09,UC Berkeley Special Collections,"Berkeley, CA",United States of America,https://digital-scriptorium.org/xtf3/search?rmode=digscript;smode=basic;text=latin%20bible;centuryfacet=13;docsPerPage=1;startDoc=15;fullview=yes,,,,,1200 - 1299,,13,,,,,305,225,530,,,,,1,,,2,,47,,P,,http://ds.lib.berkeley.edu/BANCMSUCB130f140009_1,
235,BANC UCB 130:ff1200:19,UC Berkeley Special Collections,"Berkeley, CA",United States of America,France,Y,France,,,1200 - 1299,,13,,,,,293,204,497,,,,,1,,,2,,46,,P,,http://ds.lib.berkeley.edu/BANCMSUCB130ff120019_1,
236,BANC UCB 130:ff1300:26,UC Berkeley Special Collections,"Berkeley, CA",United States of America,Germany,Y,,,,1290 - 1310,,13,,,,,506,275,781,,,,,1,,,2,,33,,P,,http://ds.lib.berkeley.edu/BANCMSUCB130ff130026_1,
237,BANC UCB 146,UC Berkeley Special Collections,"Berkeley, CA",United States of America,France,Y,France,,,1250-1275,,13,1250,1275,,,235,165,400,,,,,88,,,2,,51,,P,,https://digital-scriptorium.org/xtf3/search?rmode=digscript;smode=advanced;field1=text;term1=Bible;join1=token;operator1=and;field2=text;join2=token;operator2=and;field3=text;join3=token;datetype=range;centuryfacet=13;docsPerPage=1;startDoc=14;fullview=yes,
238,Coll. 170. MS. 348.,UCLA Library,"Los Angeles, CA",United States of America,Spain,Y,,,,XIII med,,13,,,,small Gothic minuscules,,,0,,,,,,,,,,,,Y,,http://digital2.library.ucla.edu/viewItem.do?ark=21198/zz000rstf2,
239,5,Universitätsbibliothek Erlangen-Nürnberg,Erlangen,Germany,,,,,,13/14,,,,,,,,,0,,,,1,585,,,,,,,Y,,http://digital.bib-bvb.de/view/bvbmets/viewer.0.6.4.jsp?folder_id=0&dvs=1603723953198~873&pid=6589392&locale=en&usePid1=true&usePid2=true,
240,,University of British Columbia,Vancouver,Canada,Oxford,Y,,,,13th c,,13,,,,,,,0,,,,,874,,,2,,50,,Y,,https://dx.doi.org/10.14288/1.0225825,
241,B110,University of Kansas Kenneth Spenser Research Library,"Lawrence, KS",United States of America,France / Germany,N,France,,,"1200-1250, 1250-1299; 1300-1399",,13,1200,1250,,,158,115,273,,,,,,,,,,,,P,,https://digital-scriptorium.org/xtf3/search?rmode=digscript;smode=basic;text=B110;docsPerPage=1;startDoc=1;fullview=yes,
242,Codex 1053,University of Pennsylvania,Philadelphia,United States of America,England?,N,,,,13th c,,13,1200,1299,,,149,102,251,,,,2,360/140,,,2,50,50,,Y,,https://openn.library.upenn.edu/Data/0002/html/mscodex1053.html,
243,Codex 1065,University of Pennsylvania,Philadelphia,United States of America,England,Y,,,,1240-1250,,13,1240,1250,Gautier Lebaude Atelier?,,178,117,295,,130,84,1,356,,,2,57,62,,Y,,"https://openn.library.upenn.edu/Data/0002/html/mscodex1065.html

http://dla.library.upenn.edu/dla/medren/pageturn.html?id=MEDREN_9941704573503681&currentpage=7",
244,Codex 236,University of Pennsylvania,Philadelphia,United States of America,northern France,Y,France,,,1220s,,13,1220,1229,,,218,148,366,,,,1,465,,,2,,about 50,,Y,,https://openn.library.upenn.edu/Data/0002/html/mscodex236.html,
245,Codex 724,University of Pennsylvania,Philadelphia,United States of America,"Arras, France",Y,France,,,1275-1299,,13,1275,1299,,,375,246,621,,,,1,330,,,2,56,58,,Y,,https://openn.library.upenn.edu/Data/0002/html/mscodex724.html,
246,W.51.231R,Walters Art Museum,"Baltimore, MD",United States of America,,,England,Unknown,Unknown,,,13,1260,,,,145,95,240,,105,70,1,532,,,2,48,49,,Y,,https://art.thewalters.org/detail/22453/pocket-sized-bible-2/,
247,W51,Walters Art Museum,"Baltimore, MD",United States of America,England,Y,,,,1260,,13,1260,1260,,,,,0,,,,1,532,,,,,,,Y,,https://art.thewalters.org/detail/22453,
248,2012.22.1,Walters Art Museum,"Baltimore, MD",United States of America,France,Y,France,,,1250,,13,1250,1250,,,,,0,,,,,1,,,,,,,Y,,https://art.thewalters.org/detail/88837/leaf-from-a-pocket-bible/,
249,B.10.10,Trinity College Cambridge,Cambridge,United Kingdom,,,,,,,,13,,,,,240,175,415,,,,,350,,,,,,,Y,,https://mss-cat.trin.cam.ac.uk/Manuscript/B.10.10,https://mss-cat.trin.cam.ac.uk/Manuscript/B.10.10/manifest.json
250,B.10.24,Trinity College Cambridge,Cambridge,United Kingdom,,,,,,1270?,,13,,,,,150,100,250,,,,,364,,,,,,,Y,,https://mss-cat.trin.cam.ac.uk/Manuscript/B.10.24,https://mss-cat.trin.cam.ac.uk/Manuscript/B.10.24/manifest.json
251,B.10.25,Trinity College Cambridge,Cambridge,United Kingdom,,,,,,1270?,,13,,,,,150,100,250,,,,,417,,,,,,,Y,,https://mss-cat.trin.cam.ac.uk/Manuscript/B.10.25,https://mss-cat.trin.cam.ac.uk/Manuscript/B.10.25/manifest.json
252,O.1.63,Trinity College Cambridge,Cambridge,United Kingdom,,,,,,,,13,,,,,160,120,280,,,,,419,,,,,,,Y,,https://mss-cat.trin.cam.ac.uk/Manuscript/O.1.63,https://mss-cat.trin.cam.ac.uk/Manuscript/O.1.63/manifest.json
253,O.3.36,Trinity College Cambridge,Cambridge,United Kingdom,,,,,,,,13,,,,,255,195,450,,,,,294,,,,,,,Y,,https://mss-cat.trin.cam.ac.uk/Manuscript/O.3.36,https://mss-cat.trin.cam.ac.uk/Manuscript/O.3.36/manifest.json
254,O.7.34,Trinity College Cambridge,Cambridge,United Kingdom,,,,,,,,13,,,,,155,105,260,,,,,460,,,,,,,Y,,https://mss-cat.trin.cam.ac.uk/Manuscript/O.7.34,https://mss-cat.trin.cam.ac.uk/Manuscript/O.7.34/manifest.json
255,O.8.15,Trinity College Cambridge,Cambridge,United Kingdom,,,,,,,,13,,,,,215,155,370,,,,,298,,,,,,,Y,,https://mss-cat.trin.cam.ac.uk/Manuscript/O.8.15,https://mss-cat.trin.cam.ac.uk/Manuscript/O.8.15/manifest.json
256,MS 22,Trinity Hall Library,Cambridge,United Kingdom,France or England,,France or England,,,13,,13,,,,,240,158,398,,,,1,155,,,2,49,49,,Y,,https://cudl.lib.cam.ac.uk/view/MS-TRINITYHALL-00022/11,
257,HRC 025,Harry Ransom Humanities Research Center,"Austin, TX",United States of America,"England, France",,"England, France",,,1200-1250,,13,1200,1250,,,190,138,328,,,,1,504,,,2,60,60,,P,,https://digital-scriptorium.org/xtf3/search?rmode=digscript;smode=basic;text=Bible;centuryfacet=13;languagefacet=LATIN;docsPerPage=1;startDoc=2;fullview=yes,
258,HRC 026,Harry Ransom Humanities Research Center,"Austin, TX",United States of America,England,,England,,,13,,13,1200,1299,,,186,130,316,,,,1,542,,,2,40,40,,P,,https://digital-scriptorium.org/xtf3/search?rmode=digscript;smode=basic;text=Bible;centuryfacet=13;languagefacet=LATIN;docsPerPage=1;startDoc=3;fullview=yes,
259,MSS/10167,Biblioteca nacional de Espana,Madrid,Spain,Segovia?,,Spain?,,,13,,,,,,,200,150,350,,,,1,334,,,2,60,60,,Y,,http://bdh.bne.es/bnesearch/CompleteSearch.do?showYearItems=&field=titulo&advanced=false&exact=on&textH=&completeText=&text=Biblia&pageSize=1&pageSizeAbrv=30&pageNumber=29,
260,MSS/10413,Biblioteca nacional de Espana,Madrid,Spain,,,,,,14,,14,1300,1399,,,360,260,620,,,,1,411,,,2,57,57,,Y,,http://bdh.bne.es/bnesearch/CompleteSearch.do?showYearItems=&field=titulo&advanced=false&exact=on&textH=&completeText=&text=Biblia&pageSize=1&pageSizeAbrv=30&pageNumber=30,
261,MSS/9943,Biblioteca nacional de Espana,Madrid,Spain,,,,,,13 or 14,,13/14,1201,1400,,,300,200,500,,,,1,516,,,2,54,54,,Y,,http://bdh.bne.es/bnesearch/CompleteSearch.do?showYearItems=&field=titulo&advanced=false&exact=on&textH=&completeText=&text=Biblia&pageSize=1&pageSizeAbrv=30&pageNumber=31,
262,MSS/12906,Biblioteca nacional de Espana,Madrid,Spain,,,,,,c 1300,1300,14,,,,,330,250,580,,,,1,441,,,2,49,49,,Y,Y,http://bdh-rd.bne.es/viewer.vm?id=0000232397&page=1,
263,MSS/3997 V. 1,Biblioteca nacional de Espana,Madrid,Spain,,,,,,13,,13,,,,,350,250,600,,,,2,137,,,2,33,33,,Y,Y,http://bdh-rd.bne.es/viewer.vm?id=0000168019&page=1,
264,MSS/3997 V. 2,Biblioteca nacional de Espana,Madrid,Spain,,,,,,13,,13,,,,,350,250,600,,,,2,191,,,2,33,33,,Y,Y,http://bdh-rd.bne.es/viewer.vm?id=0000168019&page=1,
265,MSS/607,Biblioteca nacional de Espana,Madrid,Spain,,,,,,14,,14,,,,,230,160,390,,,,1,25,,,2,40,40,,Y,Y,http://bdh-rd.bne.es/viewer.vm?id=0000125699&page=1,
266,MSS/229,Biblioteca nacional de Espana,Madrid,Spain,,,Sicily,,,1259,,13,,,,,350,230,580,,,,1,263,,,2,58,58,,Y,Y,http://bdh-rd.bne.es/viewer.vm?id=0000012714&page=1,
267,MSS/874,Biblioteca nacional de Espana,Madrid,Spain,,,,,,13,,13,,,,,130,100,230,,,,1,580,,,2,47,47,,Y,Y,http://bdh-rd.bne.es/viewer.vm?id=0000113337&page=1,
268,MSS/553,Biblioteca nacional de Espana,Madrid,Spain,,,,,,13,,13,,,,,200,140,340,,,,1,455,,,2,,,,Y,Y,http://bdh-rd.bne.es/viewer.vm?id=0000022675&page=1,
269,MSS/923 V1-4,Biblioteca nacional de Espana,Madrid,Spain,,,,,,13,,13,,,,,400,290,690,,,,4,225,,,2,32,32,,Y,Y,http://bdh-rd.bne.es/viewer.vm?id=0000137321&page=1,
270,MSS/923 V1-4,Biblioteca nacional de Espana,Madrid,Spain,,,,,,13,,13,,,,,400,290,690,,,,4,216,,,2,32,32,,Y,Y,http://bdh-rd.bne.es/viewer.vm?id=0000137321&page=1,
271,MSS/923 V1-4,Biblioteca nacional de Espana,Madrid,Spain,,,,,,13,,13,,,,,400,290,690,,,,4,202,,,2,32,32,,Y,Y,http://bdh-rd.bne.es/viewer.vm?id=0000137321&page=1,
272,MSS/923 V1-4,Biblioteca nacional de Espana,Madrid,Spain,,,,,,13,,13,,,,,400,290,690,,,,4,203,,,2,32,32,,Y,Y,http://bdh-rd.bne.es/viewer.vm?id=0000137321&page=1,
273,MSS/171,Biblioteca nacional de Espana,Madrid,Spain,,,,,,13,,13,,,,,170,120,290,,,,1,600,,,2,45,45,,Y,Y,http://bdh-rd.bne.es/viewer.vm?id=0000007507&page=1,
274,MSS/3245,Biblioteca nacional de Espana,Madrid,Spain,,,,,,13,,13,,,,,190,130,320,,,,1,371,,,2,59,59,,Y,Y,http://bdh-rd.bne.es/viewer.vm?id=0000046383&page=1,
275,MSS/140,Biblioteca nacional de Espana,Madrid,Spain,,,,,,13,,13,,,,,230,160,390,,,,1,415,,,2,57,57,,Y,Y,http://bdh-rd.bne.es/viewer.vm?id=0000050281&page=1,
276,MSS/12802,Biblioteca nacional de Espana,Madrid,Spain,,,,,,13,,13,,,,,380,260,640,,,,1,463,,,2,50,50,,Y,Y,http://bdh-rd.bne.es/viewer.vm?id=0000231698&page=1,
277,MSS/559,Biblioteca nacional de Espana,Madrid,Spain,,,,,,13,,13,,,,,200,140,340,,,,1,569,,,2,46,46,,Y,Y,http://bdh-rd.bne.es/viewer.vm?id=0000022703&page=1,
278,F.m.V.BI.1,National Library of Finland,Helsinki,Finland,,,France?,,,mid 13,,13,,,,,,,0,,,,,,,,,,,,P,Y,http://urn.fi/URN:NBN:fi-fd2011-fra1604,
279,F.m.V.BI.12,National Library of Finland,Helsinki,Finland,,,,,,13,,13,,,,,,,0,,,,,4,,,,,,,P,Y,http://urn.fi/URN:NBN:fi-fd2011-fra1615,
280,F.m.V.BI.2,National Library of Finland,Helsinki,Finland,,,,,,14,,14,,,,,,,0,,,,,10,,,,,,,P,Y,http://urn.fi/URN:NBN:fi-fd2011-fra1605,
281,F.m.V.BI.8,National Library of Finland,Helsinki,Finland,,,,,,14,,14,,,,,,,0,,,,,,,,,,,,P,,https://fragmenta.kansalliskirjasto.fi/handle/10024/1404,
282,F.m.V.BI.11,National Library of Finland,Helsinki,Finland,,,,,,13/14,,13/14,,,,,,,0,,,,,32,,,,,,,P,,http://urn.fi/URN:NBN:fi-fd2011-fra1614,
283,F.m.V.BI.10,end 13,Helsinki,Finland,,,England?,,,early 13,,13,,,,,,,0,,,,,2,,,,,,,P,,http://urn.fi/URN:NBN:fi-fd2011-fra1613,
284,F.m.V.BI.9,National Library of Finland,Helsinki,Finland,,,France?,,,13,,13,,,,,,,0,,,,,2,,,,,,,P,,http://urn.fi/URN:NBN:fi-fd2011-fra1612,
285,F.m.V.BI.19,National Library of Finland,Helsinki,Finland,,,,,,,,,,,,,,,0,,,,,,,,,,,,P,,http://urn.fi/URN:NBN:fi-fd2011-fra1622,
286,F.m.V.BI.14,National Library of Finland,Helsinki,Finland,,,France?,,,mid 13,,13,,,,,,,0,,,,,4,,,,,,,P,,https://fragmenta.kansalliskirjasto.fi/handle/10024/1410,
287,Ms. theol. lat. qu. 33,Staatsbibliothek zu Berlin,Berlin,Germany,,,,,,13c,,13,,,,,,,0,,,,,,,,,,,,Y,,https://digital.staatsbibliothek-berlin.de/werkansicht?PPN=PPN647740184&PHYSID=PHYS_0001,
288,Biblia Latina,Ghent University Library,Ghent,Belgium,Paris,,France,,Paris,13c,,13,,,,,115,75,190,,,,1,573,,,,,,,Y,Y,https://lib.ugent.be/en/catalog/rug01:000755563?i=5&q=biblia+latina,
289,Biblia Latina,Ghent University Library,Ghent,Belgium,Paris,,France,,Paris,2nd half 13th,,13,1250,1299,,,150,100,250,,,,1,558,,,,,,,Y,Y,https://lib.ugent.be/catalog/rug01%3A000755563/items/910000072026,
290,Biblia Latina,Ghent University Library,Ghent,Belgium,Italy,,Italy,,,13/14,,13/14,,,,,285,185,470,,,,1,417,,,,,,,Y,Y,https://lib.ugent.be/catalog/rug01%3A000840269/items/910000006640,
291,Arch. Priv. 3,Biblioteca Statale del Monumento Nazionale di Montecassino,Cassino,Italy,Italy,Y,Italy,Rome,,2nd half 13th,,13,1250,1299,,,,,0,,458 mm,,,,,,2,,,"Casavecchia, R. (2018), Una Bibbia inedita a Montecassino, Scrineum Rivista",P,Y,https://core.ac.uk/download/pdf/228584148.pdf,
292,Vitt. Em 825,Biblioteca Nazionale Centrale,Rome,Italy,Vicenza Italy,Y,Italy,Veneto,Vicenza,1399,,14,,,Bonfranciscus de Paiarinis de Zintrale,,312,214,526,,,,1,,,,2,59,,"Corso, G. (2008), La Bibbia miniata di Bonfranciscus, in Rolsa rivista online di Storia dell'arte",Y,Y,http://digitale.bnc.roma.sbn.it/tecadigitale/manoscrittoantico/BNCR_V_E_825/BNCR_V_E_825/1,
293,"Lat. I, 3 (2110)",Biblioteca Nazionale Marciana,Venice,Italy,Padua and Venice,Y,,,,,,,,,,,,,0,,,,,,,,,,,,Y,Y,http://www.internetculturale.it/opencms/opencms/it/viewItemMag.jsp?id=oai%3A193.206.197.121%3A18%3AVE0049%3ACSTOR.244.11054,
294,AC IX 46,Biblioteca Braidense (Milan),Milan,Italy,North Italy,Y,Italy,,,XIII,,13,,,,,123,81,204,,,,,383,,,,,,Miriello 2004,Y,,http://www.internetculturale.it/jmms/iccuviewer/iccu.jsp?id=oai%3Awww.internetculturale.sbn.it%2FTeca%3A20%3ANT0000%3ACNMD%5C%5C0000103105&mode=all&teca=MagTeca+-+ICCU,
295,Gerli 59,Biblioteca Braidense (Milan),Milan,Italy,Italy,Y,Italy,,,XIII-XIV,,13/14,,,,,145,110,255,,,,,358,,,2,,,Miriello 2004,Y,Y,http://www.internetculturale.it/it/16/search/detail?id=oai%3Awww.internetculturale.sbn.it%2FTeca%3A20%3ANT0000%3ACNMD%5C%5C0000192042&mode=all&teca=MagTeca+-+ICCU,
296,Ms 10424,Biblioteca Comunale di Trento,Trento,Italy,Italy,Y,Italy,,,XIII,,13,1251,1275,,,,,0,,,,,,,,,,,,Y,Y,https://bdt.bibcom.trento.it/Manoscritti/10424#page/n11/mode/thumb,
297,ALC. 455,Biblioteca Nacional,Portugal,Lisbon,France,Y,France,,,1235-1240,,13,1235,1240,,,260,175,435,,,,,,,,,,,78856 (HMML),Y,Y,https://purl.pt/26163,
298,IL. 20,Biblioteca Nacional,Portugal,Lisbon,Portugal,Y,Portugal,,,1270-1280,,13,1270,1280,,,149,115,264,,,,,,,,,,,79082 (HMML),Y,Y,http://purl.pt/32050,
299,IL. 50,Biblioteca Nacional,Portugal,Lisbon,,,,,,c1270,1270,13,,,,,222,155,377,,,,,,,,,,,79131 (HMML),Y,Y,http://purl.pt/32051,
300,IL. 34,Biblioteca Nacional,Portugal,Lisbon,France,Y,France,,Paris,1240-1250,,13,1240,1250,,,181,125,306,,,,,,,,,,,79106 (HMML),Y,Y,http://purl.pt/33208,
301,IL. 93,Biblioteca Nacional,Portugal,Lisbon,,,,,,1251-1300,,13,1251,1299,atelier de Johannes Grusch?,,324,217,541,,,,,,,,,,,79207 (HMML),Y,Y,http://purl.pt/32046,
302,IL. 51,Biblioteca Nacional,Portugal,Lisbon,France,Y,France,,Paris,1250-1260,,13,1250,1260,,,222,155,377,,,,,,,,,,,79132 (HMML),Y,Y,http://purl.pt/32045,
303,IL. 63,Biblioteca Nacional,Portugal,Lisbon,France,Y,France,,Paris,1275-1300,,13,1275,1300,,,245,173,418,,,,,,,,,,,79152 (HMML),Y,Y,http://purl.pt/27081,
304,ALC. 205,Biblioteca Nacional,Portugal,Lisbon,France,Y,France,,Paris,1235-1245,,13,,,,,228,155,383,,,,,,,,,,,78489 (HMML),Y,Y,https://purl.pt/29490,
305,ALC 457,Biblioteca Nacional,Portugal,Lisbon,,,,,,1250-1260,,13,,,,,155,110,265,,,,,,,,,,,,Y,Y,https://purl.pt/31018,
306,ALC 455,Biblioteca Nacional,Portugal,Lisbon,France,Y,France,,Paris,1235-1240,,13,,,,,260,175,435,,,,,,,,,,,,Y,Y,http://purl.pt/26163,
307,ALC 458,Biblioteca Nacional,Portugal,Lisbon,France,Y,France,Normandie,,1225-1230,,13,,,,,185,130,315,,,,,,,,,,,,Y,Y,http://purl.pt/23851,
308,bpe-cod-cxxiv-1-3,Biblioteca Pública de Évora,Portugal,Évora,,,,,,1260-1300,,13,,,,,345,245,590,,,,,,,,,,,,Y,Y,https://purl.pt/35359,
309,BPE COD. CXXIV/1-4,Biblioteca Pública de Évora,Portugal,Évora,,,,,,1230-1240,,13,,,,,290,200,490,,,,,,,,,,,,Y,Y,https://purl.pt/35360,
310,BPE COD. CXXIV/1-5,Biblioteca Pública de Évora,Portugal,Évora,,,,,,1290-1300,,13,,,,,290,200,490,,,,,,,,,,,,Y,Y,http://purl.pt/35361,
311,COD. CXXIV/1-6,Biblioteca Pública de Évora,Portugal,Évora,,,,,,1225-1230,,13,,,,,265,190,455,,,,,,,,,,,,Y,Y,http://purl.pt/35362,
312,BPE COD. CXXIV/1-3,Biblioteca Pública de Évora,Portugal,Évora,,,,,,1260-1300,,13,,,,,345,245,590,,,,,,,,,,,,Y,Y,https://purl.pt/35359,
313,MS 68,Mount Angel Abbey. Library,United States,Saint Benedict (Or.),Italy,Y,Italy,,,1275-1300,,13,1275,1300,,,175,120,295,,,,,,,,,,,,Y,Y,https://www.mountangelabbey.org/wp-content/uploads/MountAngelMS0068BibleLatin.pdf,https://www.vhmml.org/image/manifest/519231
314,SJU Ms. 12,Saint John's University. Rare Books and Special Collections,United States,Collegeville (Minn.),Italy,N,Italy,,,1250-1310,,13/14,1250,1310,,,127,90,217,,,,,161,,,,,,,Y,Y,https://w3id.org/vhmml/readingRoom/view/510560,https://www.vhmml.org/image/manifest/510560
315,Typ 555,"Harvard University, Houghton Library","Cambridge, MA",United States of America,France,,France,Ile-de-France,Paris,1373,,14,1350,1375,,,,,0,,,,,,,,2,,,"Kumler, 2008, https://www-jstor-org.proxy.library.nyu.edu/stable/23924147?seq=2#metadata_info_tab_contents",Y,,https://digital-scriptorium.org/xtf3/search?rmode=digscript;smode=basic;text=Typ%200555;docsPerPage=1;startDoc=1;fullview=yes,
,Garrett 1,Princeton University Library,,,south France / Italy,N,France / Italy,,,13 c,,13,,,,,240,160,400,,,,,,,,,,,,N,,https://catalog.princeton.edu/catalog/10251887,
,Casinn. 508,Biblioteca di Montecassino,Montecassino,Italy,France,Y,France,,,13 c,,13,,,,,290,415,705,,,,,,,,,,,,N,,http://www.memo.pyle.it/manoscritti/catalogoinguanez/cas508/,
,Casinn. 509,Biblioteca di Montecassino,Montecassino,Italy,France,Y,France,,,13 c,,13,,,,,245,347,592,,,,,,,,,,,,N,,http://www.memo.pyle.it/manoscritti/catalogoinguanez/cas509/,
,Casinn. 519,Biblioteca di Montecassino,Montecassino,Italy,France,Y,France,,,13 c,,13,,,,,235,315,550,,,,,,,,,,,,N,,http://www.memo.pyle.it/manoscritti/catalogoinguanez/cas519/,
,Cassin. 514,Biblioteca di Montecassino,Montecassino,Italy,,,,,,14 c,,14,,,,,240,370,610,,,,,,,,,,,,N,,http://www.memo.pyle.it/manoscritti/catalogoinguanez/cas514/,
,Casinn. 35,Biblioteca di Montecassino,Montecassino,Italy,Montecassino,Y,Italy,Rome,Montecassino,15 c,,15,,,Petrus de Rosenheim,,240,345,585,,,,,,,,,,,,N,,http://www.memo.pyle.it/manoscritti/catalogoinguanez/cas35/,
,MS 356,Biblioteca Statale di Lucca,Lucca,Italy,,,,,,13 c,,13,,,,,302,216,518,,,,,,,,,,,"Unfer, V. and Gaia, E. (2014). Una Bibbia parigina di primo Duecento a Lucca: il ms. 356 della Biblioteca Statale. Studi Valentino Pace",N,,https://manus.iccu.sbn.it//opac_SchedaScheda.php?ID=230283,
,MS 006,"London/Oslo, Schøyen Collection",Oslo,Norway,"Geraardsbergen, Cambrai, Belgium",,Belgium,,"Geraardsbergen, Cambrai",1200,1200,13,,,,,,,0,,,,3,201/121/15,,,,,,,N,N,,
,MS 262,"London/Oslo, Schøyen Collection",Oslo,Norway,NE Spain,,,,,,1250,13,,,,,220,170,390,,170,100,1,,,,2,49,51,,N,N,,
,MS 661,"London/Oslo, Schøyen Collection",Oslo,Norway,Pisa,Y,Italy,,Pisa,,1310,14,,,Phylippus,,310,230,540,,200,150,1,500,,,2,44,44,,N,N,,
,MS 015,"London/Oslo, Schøyen Collection",Oslo,Norway,England,,,,,3rd q 13,,13,1250,1274,,,170,110,280,,120,80,1,688,,,2,44,44,,N,N,,
,MS 1278,"London/Oslo, Schøyen Collection",Oslo,Norway,"London, England",,England,,London,c 1230-1240,,13,1230,1240,,,260,210,470,,200,150,1,209,,,2,58,58,,N,N,https://www.schoyencollection.com/bible-collection-foreword/latin-bible-translation/bible-psalms-versions-ms-1278,
,38,Biblioteca Angelica,Rome,Italy,,,,,,1231-1250,,13,1231,1250,,,150,110,260,,,,,,,,43864,,42/43,,N,,https://manus.iccu.sbn.it/opac_SchedaScheda.php?ID=42775,
,MS.1,Biblioteca Civica Girolamo Tartarotti,Rovereto,Italy,France (Paris?),Y,France,,,1251-1350,,13,,,,,148,104,252,,,,,IV + 654 + VII,,,,,44,,N,,https://manus.iccu.sbn.it/opac_SchedaScheda.php?ID=254009,
,Mss. I15289,Biblioteca de la Fundación Lázaro Galdiano,Madrid,Spain,Paris?,Y,France,Ile-de-France,Paris?,ca. 1259,,13,,,,,330,220,550,,,,1,333,,,2,,54,,Y,N,http://www.bibliotecalazarogaldiano.es/mss/i15289.html,
,Mss. I15324,Biblioteca de la Fundación Lázaro Galdiano,Madrid,Spain,?,N,,,,14th-2nd half of 15th century,,15,,,,Gothic,530,380,910,,,,1,25,,,2,,36,,Y,N,http://www.bibliotecalazarogaldiano.es/mss/i15324.html,
,Cors. 1 (55 K 9),Biblioteca dell'Accademia Nazionale dei Lincei e Corsiniana,Rome,Italy,France (Paris),Y,France,,,1251-1275,,13,,,,,235,150,385,,,,,,,,,,,,N,,https://manus.iccu.sbn.it/opac_SchedaScheda.php?ID=150792,
,Rossi 294 (40 E 14),Biblioteca dell'Accademia Nazionale dei Lincei e Corsiniana,Rome,Italy,Unknown,N,,,,1226-1275,,13,,,,,158,110,268,,,,,,,,,,,,N,,https://manus.iccu.sbn.it/opac_SchedaScheda.php?ID=14156,
,Rossi 317 (40 E 15),Biblioteca dell'Accademia Nazionale dei Lincei e Corsiniana,Rome,Italy,France (Paris),Y,France,,,1251-1300,,13,,,,,157,113,270,,,,,,,,2,,71,,N,,https://manus.iccu.sbn.it/opac_SchedaScheda.php?ID=14155,
,ms. 311,Biblioteca Fondazione S. Bernardino,Trento,Italy,Northern France,Y,France,,,1201-1250,,13,1201,1250,,,153,102,255,,,,,I + 443 + I,,,,,49,,N,,https://manus.iccu.sbn.it/opac_SchedaScheda.php?ID=256771,
,Plut. 6 dex.1,Biblioteca Medicea Laurenziana,Florence,Italy,,,,,,1201-1300,,13,1201,1300,,,190,280,470,,,,,434,,,2,,,,Y,N,http://mss.bmlonline.it/s.aspx?Id=AWOMrNDNI1A4r7GxMYN3&c=Biblia%20sacra#/book,
,Plut. 7 dex.2,Biblioteca Medicea Laurenziana,Florence,Italy,,,,,,1201-1300,,13,1201,1300,,,180,280,460,,,,,292,,,2,,,,Y,N,http://mss.bmlonline.it/s.aspx?Id=AWOMrOdVI1A4r7GxMYOf&c=Biblia%20sacra#/book,
,Plut.4 dex.1,Biblioteca Medicea Laurenziana,Florence,Italy,,,,,,1201-1300,,13,1201,1300,,,225,345,570,,,,,462,,,2,,,,Y,N,http://mss.bmlonline.it/s.aspx?Id=AWOMrQQBI1A4r7GxMYPT&c=Biblia%20sacra#/book,
,ms. 219,Biblioteca Universitaria Alessandrina,Rome,Italy,Italy ?,N,Italy,,,1251-1300,,13,,,,,163,118,281,,,,,339,,,2,,56,,Y,,"http://www.internetculturale.it/jmms/iccuviewer/iccu.jsp?id=oai%3Awww.internetculturale.sbn.it%2FTeca%3A20%3ANT0000%3AN%3ACNMD0000235866

https://manus.iccu.sbn.it/opac_SchedaScheda.php?ID=235866",
,ms. F 71,Biblioteca Vallicelliana,Rome,Italy,France,Y,France,,,1201-1300,,13,1201,1300,,,210,153,363,,,,,,,,2,,58,,N,,https://manus.iccu.sbn.it/opac_SchedaScheda.php?ID=227152,
,ms. 216,Newberry Library,"Chicago, IL",United States of America,France?,N,France,,,1230/1250,,13,1230,1250,,,223,156,379,,160,102,1,428,,,2,,50,,N,,https://collections.carli.illinois.edu/digital/collection/nby_dig/id/6352,
,G.38,Pierpont Morgan Library,New York,United States of America,"Bologna, Italy",Y,Italy,,,1270,,13,,,,,378,260,638,,,,2,"2 v. (228, 328 leaves) (2 columns, 48 lines), bound : vellum, ill",,,,,,,N,,,
,ms.38,Biblioteca Angelica,Rome,Italy,,,,,,1231-1250,,13,1231,1250,,,150,110,260,,,,,,,,2/3,42,43,Magrini,N,,https://manus.iccu.sbn.it/opac_SchedaScheda.php?ID=42775,
,Ms.1692,Biblioteca Casanatense,Rome,Italy,Paris,,France,,Paris,1201-1300,,13,1201,1300,,,175,129,304,,,,,,,,2,49,,,N,,https://manus.iccu.sbn.it/opac_SchedaScheda.php?ID=201004,
,313,Cambridge UL,Cambridge,UK,England?,,,,,1200-1299,,13,1201,1300,,,233,162,395,,150,90,1,355,,,2,63,63,,,,,
,314,Cambridge UL,Cambridge,UK,England?,,,,,1200-1299,,13,1201,1300,,,151,112,263,,110,76,1,472,,,,,,,,,,
,315,Cambridge UL,Cambridge,UK,France,,,,,1200-1299,,13,1201,1300,,,140,95,235,,95,63,partial,292,,,2,44,44,,,,https://archivesearch.lib.cam.ac.uk/repositories/2/archival_objects/228606,
,316,Cambridge UL,Cambridge,UK,Italy,,,,,1200-1299,,13,1201,1300,,,191,125,316,,,,,,,,,,,,,,,
,Vat Lat 32,Biblioteca Vaticana,Vatican,Vatican,Italy (?),N,Italy,,,XII-XIV,,12/13/14,,,,,185,125,310,,,,,604,,,,,,Miriello 2004,N,,,
,Cod. bibl. 8° 20,"Stuttgart, WLB",Stuttgart,Germany,,,,,,,,,,,,,,,0,,,,,,,,,,,,N,,,
,Theol. lat. fol. 9,Staatsbibliothek zu Berlin,Berlin,Germany,,,,,,,,,,,,,,,0,,,,,,,,,,,,N,,,
,ms.A._I.7,"Brescia, Biblioteca civica Queriniana",Brescia,Italy,,,,,,1291-1310,,13/14,1291,1310,,,385,245,630,,,,1,463,,,,,,,N,,,https://manus.iccu.sbn.it/opac_SchedaScheda.php?ID=70020
,224,"Arezzo, Biblioteca Città di Arezzo",Arezzo,Italy,,,,,,1276-1300,,13,1276,1300,,,179,118,297,,,,1,375,,,,,,,N,,,https://manus.iccu.sbn.it/opac_SchedaScheda.php?ID=48985
,IE TCD MS 38,Trinity College,Dublin,Ireland,,,,,,1240-1299,,13,1240,1299,,,278,182,460,,176,115,1,552,,,2,49,49,,N,,,https://manuscripts.catalogue.tcd.ie/CalmView/TreeBrowse.aspx?src=CalmView.Catalog&field=RefNo&key=IE%20TCD%20MS%2038
,IE TCD MS 37,Trinity College,Dublin,Ireland,,,,,,1230-1269,,13,1230,1269,,,260,185,445,,190,166,1,274,,,2,57,67,,N,,,https://manuscripts.catalogue.tcd.ie/CalmView/TreeBrowse.aspx?src=CalmView.Catalog&field=RefNo&key=IE%20TCD%20MS%2037
,VITR/23/7,Biblioteca nacional de Espana,Madrid,Spain,,,,,,13,,13,,,,,150,100,250,,,,1,617,,,2,46,46,,N,,,
,RES/263,Biblioteca nacional de Espana,Madrid,Spain,,,,,,13,,13,,,,,150,100,250,,,,1,602,,,2,48,48,,N,,,http://catalogo.bne.es/uhtbin/cgisirsi/?ps=4H6W4SeQYN/BNMADRID/98780893/9
,Latin Vulgate,Newberry Library,"Chicago, IL",United States of America,library of the Dominican friars of Clermont-Ferrand,Y,,,,1250-1299,,13,1250,1299,Gautier Lebaube,,150,105,255,,,,1,490,,,,,,,N,,,https://i-share-nby.primo.exlibrisgroup.com/permalink/01CARLI_NBY/i5mcb2/alma998687628805867
,5.3.1,Hermitage,St Petersburg,Russia,,,,,,Fin du XIIIe siècle,,13,,,unknown,,,,0,,,,,672,,,,,,,N,,,https://www.arlima.net/mss/russie/saint-petersbourg/musee_de_lermitage/5.3.1.html
,5.3.11,St Petersburg,St Petersburg,Russia,unknown,Y,,,,14 c,,14,,,unknown,,,,0,,,,3,"264 (vol. 1), 271 (vol. 2), 245 (vol. 3)",,,2,,,,N,,,https://www.arlima.net/mss/russie/saint-petersbourg/musee_de_lermitage/5.3.11.html
,5.3.16,St Petersburg,St Petersburg,Russia,Italy,Y,Italy,,,14 c,,14,,,unknown,,,,0,,,,,442,,,2,,,,N,,,https://www.arlima.net/mss/russie/saint-petersbourg/musee_de_lermitage/5.3.16.html
,S 263,Universitäts- und Landesbibliothek Bonn,Bonn,Germany,Südwestdeutschland (?,,,,,1226-1250,,13,1226,1250,,,,,0,,,,,,,,,,,,N,,,http://www.manuscripta-mediaevalia.de/dokumente/html/obj31275214
,GKS 2 folio,Royal Danish Library,Copenhagen,Denmark,Paris,,France,,Paris,1225-1250,,13,1225,1250,,,380,245,625,,,,1,295,,,,,,,N,,,http://www5.kb.dk/permalink/2006/manus/746/dan/36/?var=
,Grevinnan M v Rosen collection,Rockelstad,Rockelstad,Sweden,N France or England,,France or England,,,c1250,1250,13,,,,,180,121,301,,,,1,388,,,,,,,N,,,http://www5.kb.dk/permalink/2006/manus/746/dan/36/?var=
,A 168,Royal Swedish Library,Stockholm,Sweden,Paris or N France,,France,,Paris?,1250-1275,,13,1250,1275,,,116,70,186,,,,1,609,,,,,,,N,,,http://www5.kb.dk/permalink/2006/manus/746/dan/36/?var=
,Lensbaron Rosenørn-Lehn,Orebygaard,Orebygaard,Denmark,Paris or N France,,France,,Paris?,1250-1275,,13,1250,1275,,,155,110,265,,,,1,540,,,,,,,N,,,http://www5.kb.dk/permalink/2006/manus/746/dan/37/?var=
,A 166,Royal Swedish Library,Stockholm,Sweden,Paris,,France,,Paris,1250-1300,,13,1250,1300,,,300,195,495,,,,1,556,,,,,,,N,,,http://www5.kb.dk/permalink/2006/manus/746/dan/37/?var=
,C 155,Uppsala UB,Uppsala,Sweden,Paris,,France,,Paris,1250-1300,,13,1250,1300,,,344,220,564,,,,1,448,,,,,,,N,,,http://www5.kb.dk/permalink/2006/manus/746/dan/37/?var=
,Gl kgl S 3376 8vo,Royal Danish Library,Copenhagen,Denmark,France,,France,,,13,,13,,,,,140,90,230,,,,1,601,,,,,,,N,,,http://www5.kb.dk/permalink/2006/manus/699/dan/4/
,Thott 1 fol,Royal Danish Library,Copenhagen,Denmark,Italy,,Italy,,,13,,13,,,,,371,232,603,,,,1,337,,,,,,,N,,,http://www5.kb.dk/permalink/2006/manus/699/dan/4/
,Thott 1 4to,Royal Danish Library,Copenhagen,Denmark,France,,France,,,13,,13,,,,,240,165,405,,,,1,357,,,,,,,N,,,http://www5.kb.dk/permalink/2006/manus/699/dan/4/
,Thott 3 kvart,Royal Danish Library,Copenhagen,Denmark,France,,France,,,13,,13,,,,,190,130,320,,,,1,453,,,,,,,N,,,http://www5.kb.dk/permalink/2006/manus/699/dan/4/
,Thott 1 8vo,Royal Danish Library,Copenhagen,Denmark,France,,France,,,13,,13,,,,,152,110,262,,,,1,457,,,I,,,,N,,,http://www5.kb.dk/permalink/2006/manus/699/dan/4/
,Thott 2 8vo,Royal Danish Library,Copenhagen,Denmark,?,,?,,,13,,13,,,,,152,90,242,,,,1,646,,,,,,,N,,,http://www5.kb.dk/permalink/2006/manus/699/dan/4/
,Thott 4 8vo,Royal Danish Library,Copenhagen,Denmark,France,,France,,,13,,13,,,,,150,97,247,,,,1,525,,,,,,,N,,,http://www5.kb.dk/permalink/2006/manus/699/dan/4/
,Gl kgl S 1310 4to,Royal Danish Library,Copenhagen,Denmark,?,,?,,,13,,13,,,,,205,150,355,,,,1,276,,,,,,,N,,,http://www5.kb.dk/permalink/2006/manus/699/dan/4/
,Gl kgl S 3375 8vo,Royal Danish Library,Copenhagen,Denmark,?,,?,,,late 13,,13,,,,,153,105,258,,,,1,257,,,,,,,N,,,http://www5.kb.dk/permalink/2006/manus/699/dan/4/
,Thott 2 4to,Royal Danish Library,Copenhagen,Denmark,France,,France,,,late 13 - early 14,,13/14,,,,,190,130,320,,,,1,477,,,,,,,N,,,http://www5.kb.dk/permalink/2006/manus/699/dan/4/
,Thott 3 8vo,Royal Danish Library,Copenhagen,Denmark,Bohemia,,Bohemia,,,14,,14,,,,,188,125,313,,,,1,470,,,,,,,N,,,http://www5.kb.dk/permalink/2006/manus/699/dan/4/
,Thott 5 8vo,Royal Danish Library,Copenhagen,Denmark,France,,France,,,13,,13,,,,,146,101,247,,,,1,503,,,,,,,N,,,http://www5.kb.dk/permalink/2006/manus/699/dan/8/?var=
,Thott 6 8vo,Royal Danish Library,Copenhagen,Denmark,France,,France,,,13,,13,,,,,160,110,270,,,,1,269,,,,,,,N,,,http://www5.kb.dk/permalink/2006/manus/699/dan/8/?var=
,Cod. Ser. n. 3349,Austrian National Library,Vienna,Austria,Southern England,,Southern England,,,1250-1299,,13,1250,1299,,,348,230,578,,285,175,frag,37,,,,,,,N,,,http://www5.kb.dk/permalink/2006/manus/699/dan/8/?var=
,La Bible de Léau,bibliothèque du séminaire de Liège,Liège,Belgium,Liège,y,Belgium,,Liège,1248,,13,,,,,465,350,815,,,,,,,,,,,,N,,,https://bibliosemliege.be/IMG/pdf/bible_de_leau-2.pdf
,Thott 7.2,Royal Danish Library,Copenhagen,Denmark,Paris,,France,,Paris,1275-1300,,13,1275,1300,,,380,300,680,,,,1,492,,,,,,,N,,,
,235,"Oxford, Merton College",Oxford,United Kingdom,,,,,,,,,,,,,,,0,,,,,,,,,,,,N,,,https://medieval.bodleian.ox.ac.uk/catalog/manuscript_10333
,1181,Bibliothèque sainte Geneviève,Paris,France,,,France,Ile-de-France,Paris,,,13,1250,1275,,,,,0,,,,,,,,2,,,,N,,,
,2585,Bibliothèque sainte Geneviève,Paris,France,,,France,Ile-de-France,Paris?,,,13,1225,1250,,,,,0,,,,,,,,2,,,,N,,,
,54,Bibliothèque municipale,Alençon,France,,,France,Ile-de-France,Paris,,,13,1240,1250,,,,,0,,,,,,,,2,,,,N,,,
,8,Biblothèque municipale,Tours,France,,,Spain,Catalogna?,Unknown,,,14,ca. 1320,,,,,,0,,,,,,,,Unknown,,,,N,,,
,BS 75 125,U California Santa Barbara,"Santa Barbara, CA",United States of America,,,,,,,,,,,,,,,0,,,,,,,,,,,,,,,
,StBZ Pa 65,Stadtbibliothek Zofingen,Zofingen,Switzerland,France,Y,France,,,13,,13,,,,,,,0,,,,1,527,,,,,,,,,,
,15,Bibliothèque sainte Geneviève,Paris,France,,,France,Ile-de-France,Paris,,,13,1270,1300,,,,,0,,,,,,,,2,,,,N,,,http://www.calames.abes.fr/pub/#details?id=BSGA10019
,F 162,Worcester Cathedral Library,Worcester,England,,,,,,13,,13,,,,,,,,,,,,,,,,,,,,,,
,Q 83,Worcester Cathedral Library,Worcester,England,,,,,,14,,14,,,,,,,,,,,,,,,,,,,,,,
,A 168,Kungliga Biblioteket,Sweden,Stockholm,Sweden,,Sweden,,,1375-1400,,14,1375,1400,,,117,75,192,,,,,,,,,,,,,,,
,A 148,Kungliga Biblioteket,Sweden,Stockholm,Sweden,,Sweden,,,1200-1225,,13,1200,1225,,,900,500,1400,,,,,,,,,,,,,,,
,A 167,Kungliga Biblioteket,Sweden,Stockholm,Sweden,,Sweden,,,1300-1399,,14,1300,1399,,,258,187,445,,,,,,,,,,,,,,,
,A 167a,Kungliga Biblioteket,Sweden,Stockholm,Sweden,,Sweden,,,1300-1399,,14,1300,1399,,,220,157,377,,,,,,,,,,,,,,,
,A 166,Kungliga Biblioteket,Sweden,Stockholm,Sweden,,Sweden,,,1300-1399,,14,1300,1399,,,300,195,495,,,,,,,,,,,,,,,
,A 165,Kungliga Biblioteket,Sweden,Stockholm,Sweden,,Sweden,,,1300-1399,,14,1300,1399,,,370,260,630,,,,,,,,,,,,,,,
,Cod. membr. 16,Stiftsarchiv Muri-Gries,Switzerland,Sarnen,France,Y,France,,Paris,1267,,13,1267,1267,workshop of Johannes Grusch,,250,170,420,,,,,,,,,,,,,,,
,UCB 146,Bancroft Library,"Berkeley, CA",United States of America,,,France,Unknown,Unknown,,,13,1250,1275,,,,,0,,,,,,,,2,,,,N,,,
,IL. 33,Biblioteca Nacional,Portugal,Lisbon,Portugal,Y,Portugal,,,1230-1240,,13,1230,1240,,,182,133,315,,,,,,,,2,,,79104 (HMML),N,,,
,L.A. 211,Museu Calouste Gulbenkian,Portugal,Lisbon,France,Y,France,,Paris,1300,,14,1300,1399,,,405,289,694,,,,,503,,,,,,80264 (HMML),N,,https://www.vhmml.org/readingRoom/view/80264,
,L.A. 139,Museu Calouste Gulbenkian,Portugal,Lisbon,England,Y,England,,,1275-1300,,13,,,,,270,220,490,,,,,76,,,,,,80214 (HMML),N,,https://www.vhmml.org/readingRoom/view/80214,
,ALC. 398,Biblioteca Nacional,Portugal,Lisbon,Portugal,Y,Portugal,,Alcobaça,1225-1275,,13,,,,,,,,,,,,,,,,,,78764 (HMML),N,,https://www.vhmml.org/readingRoom/view/78764,
,ALC. 399,Biblioteca Nacional,Portugal,Lisbon,Portugal,Y,Portugal,,Alcobaça,1225-1275,,13,,,,,,,,,,,,179,,,,,,78765 (HMML),N,,https://www.vhmml.org/readingRoom/view/78765,
,5 (37),Bibliothèque municipale,Lille,France,,,,,,,,,,,,,,,0,,,,,,,,,,,Devine 2016,,,,